"word, word vector"
are,"[-0.05839472  0.04371722  0.06219977  0.18735817 -0.21267682 -0.0794763
  0.00980998  0.02369141  0.11108213 -0.04520448  0.02685633  0.02099164
 -0.07433487  0.04326691  0.04621021 -0.08906526  0.05008215  0.00637632
 -0.01573752  0.00520328 -0.02282326  0.01329975  0.04670737  0.11761289
 -0.03470872 -0.0943002  -0.02404566  0.01220346  0.04535092  0.03828794
 -0.05609755 -0.09194041 -0.06514058  0.12630986 -0.09922465  0.0712056
  0.02726297 -0.12253197 -0.0678526  -0.07074117  0.05053676  0.02671238
  0.00641346  0.0232771   0.13126893 -0.1168374   0.0079289  -0.25149128
  0.06081886  0.01329591 -0.19424686 -0.11781697  0.08017847 -0.04635143
  0.05415681 -0.12514375 -0.08841306 -0.19237062 -0.15428355  0.00813668
  0.02424758 -0.01489974 -0.09650132 -0.18782179 -0.01056206 -0.0583976
 -0.01570914 -0.02230186  0.0213385   0.04289232 -0.05483451  0.01114321
  0.08568181  0.12629454  0.06828852  0.00583942 -0.05235412  0.02732877
 -0.13322058 -0.0641413  -0.0133247   0.05696197 -0.07479951  0.01722365
 -0.08176035 -0.04938206 -0.10644846 -0.03285195 -0.0121126  -0.01239035
 -0.03651199  0.02328154  0.08078732 -0.05419602  0.01731667  0.11478948
  0.04843646  0.03759265 -0.01022367 -0.077741    0.02489422 -0.0257282
  0.04276226 -0.21206573 -0.04359698 -0.01043902  0.05160093 -0.08763581
  0.00757143  0.06819192 -0.00299421 -0.07638466  0.08671901 -0.07650225
 -0.09246036 -0.04271806 -0.08610407  0.0403576   0.00270165 -0.00133758
  0.02067369  0.00629747 -0.06191941 -0.04728938  0.07857576  0.00626723
  0.04393215  0.00424185 -0.01294211  0.0866462   0.00839153 -0.04051308
 -0.13303679  0.125257   -0.01424648 -0.04244071 -0.20931488  0.078394
 -0.09865652  0.11410943  0.00155849  0.04220414 -0.04364584  0.02575931
  0.03765943  0.02184505 -0.4196422  -0.00616739  0.00396871 -0.06343539
 -0.11952174  0.04333752  0.10921084 -0.00385763  0.01651935  0.03373389
  0.142942   -0.01338296  0.00961067 -0.02664781 -0.08350543 -0.0341381
 -0.25336638 -0.00649915 -0.01479329  0.02657183 -0.07236683  0.08575544
  0.12042248  0.00324189 -0.0471219  -0.05541268  0.04275945 -0.0618511
  0.02985391 -0.02176442 -0.05873029 -0.00632439 -0.04842599 -0.15536073
 -0.03402855  0.21798864 -0.01071099  0.03126634  0.09826801 -0.04075822
  0.00930433 -0.09003654 -0.03509144 -0.00402354 -0.01098319 -0.09706853
 -0.12605165  0.06774943  0.04848202  0.03262448  0.02954543  0.03158851
  0.03425068 -0.02219467 -0.11009163  0.06518686 -0.05960275 -0.01947789
 -0.03723688 -0.00873459 -0.04647228  0.04372308 -0.10007893  0.03718629
  0.11986736 -0.02735468 -0.00819531  0.06920372  0.11165749 -0.01832373
 -0.07779426 -0.04627027  0.02788918 -0.11929928  0.02319074  0.03206676
  0.042225    0.17031652 -0.15485775  0.21193093  0.09291686  0.01915555
  0.16887383  0.01068137 -0.00286085 -0.0740616   0.25607708  0.1466796
  0.01090746  0.01983061  0.0178544  -0.05599144 -0.04452726  0.01374633
 -0.00244324 -0.12267551 -0.05867084 -0.20445761  0.54927796  0.02518198
  0.11311834 -0.08226494 -0.01419761  0.02772545  0.02622903  0.10677075
  0.0334355  -0.1012712  -0.00763096  0.02588007 -0.11284745 -0.13733292
  0.13690454 -0.05849638  0.06311336  0.32191765  0.00473075  0.03114868
 -0.14292946  0.03092865 -0.01978137  0.04784525  0.13259533 -0.00838979
  0.05355494 -0.07483637 -0.14038245  0.1610674   0.08420029 -0.0016176
  0.04419178  0.10963672 -0.23608443 -0.05233292 -0.14292735 -0.04650024
 -0.3964382  -0.03819409 -0.11232702 -0.00585157  0.06236378 -0.12537906
  0.01193753 -0.07810357 -0.0185266  -0.03578495 -0.05186088 -0.10255744
 -0.03425758  0.03602401  0.11525302 -0.07192115 -0.04399983  0.04084595]"
treat,"[-0.01070098 -0.05724365 -0.04450914  0.06943276 -0.04361863  0.01259189
  0.00398684 -0.02027086  0.04366516 -0.00403511  0.04859703 -0.05466875
 -0.12395538  0.10235998  0.02985369  0.07045246 -0.02250035  0.01417126
  0.0039286   0.07808821 -0.00125465  0.03121088 -0.01774972  0.0544892
 -0.10285237 -0.0794262  -0.01627953 -0.07236414 -0.10419888  0.03611388
  0.03548565  0.03594086  0.0066316   0.01583345  0.0725451  -0.00312827
 -0.01762244  0.04891119 -0.00413434  0.00845078 -0.00076677 -0.07046288
 -0.00703143  0.02414826 -0.00734552  0.05903551  0.04728781  0.08557186
  0.05810202  0.13540643 -0.05113669 -0.03315126 -0.11660551 -0.07177727
  0.03058973  0.08214033  0.07546561 -0.01324545 -0.15735029 -0.04680687
  0.1431412  -0.10967325 -0.01798613 -0.02840435  0.00223253 -0.01956144
 -0.02549603 -0.08023638  0.09190526 -0.00533605 -0.0969647   0.01301485
  0.03049964  0.00717058  0.02679575 -0.09205768 -0.06697278 -0.00483238
 -0.02321398 -0.01354185  0.06842903  0.0501168   0.01002062 -0.01497824
 -0.01220806 -0.03162289  0.03805827  0.10680432 -0.05847717 -0.02828014
  0.07403359  0.01936227  0.08797543 -0.01597458 -0.01104064 -0.03395382
  0.0400314  -0.00750233  0.01759375  0.02421592 -0.05572264 -0.06657255
 -0.02190374 -0.06426117 -0.08365706  0.1008402   0.07556086 -0.08353591
 -0.11775117 -0.143867    0.10098401  0.04347959 -0.01552564  0.04018438
 -0.07294831  0.02421963 -0.03107571  0.03752103 -0.02591141  0.02859691
 -0.01430936 -0.0576587   0.02165162 -0.00266552 -0.00827255  0.04757098
  0.01200459 -0.04429984  0.02952378 -0.0574342   0.00954112 -0.01078983
 -0.06122315  0.10505416  0.03962995  0.03060022 -0.02645783  0.01358126
 -0.03748896 -0.17901413 -0.01721267 -0.04060427  0.02855087  0.11556759
 -0.02348558  0.0172256  -0.11402905 -0.0266226   0.01076176 -0.0326608
 -0.07210031 -0.01308542  0.01943737  0.01577933 -0.02331778 -0.03243739
  0.06187111 -0.04153945 -0.03118718  0.01120122 -0.01583246  0.0654643
  0.02098549 -0.00402923 -0.10294078 -0.10332601  0.08846799  0.0228065
  0.08975893 -0.0284016  -0.05324788  0.01357241 -0.01991064  0.03682738
 -0.06178404 -0.07014664  0.01097877  0.00965447 -0.02094609 -0.0644602
 -0.04090167 -0.11398148 -0.02909344 -0.03871717  0.08403657 -0.01433491
  0.01271583 -0.07149194  0.05577117 -0.01909045  0.02416715 -0.02044373
  0.03342118 -0.0039077   0.06839908  0.04122457 -0.08181622  0.07932073
  0.02464636  0.0042586  -0.05254877  0.04719011 -0.01694276 -0.10462648
 -0.03648166  0.06130543 -0.0453723   0.01027102 -0.03238322  0.00999868
  0.0168923   0.03687711  0.04120333  0.11826028 -0.03774421 -0.02483196
 -0.03261614 -0.04123108  0.10240541 -0.0237555   0.02506913  0.04725416
 -0.0193212   0.0367743  -0.01881899  0.05426908  0.06918323  0.02723262
  0.01366087 -0.06103958 -0.02536846 -0.01798103  0.03536059  0.07192779
 -0.02584033 -0.02856411 -0.04270823  0.08595184  0.11199375  0.02170406
 -0.06433298  0.02375211 -0.00169595 -0.13073519  0.16338658  0.02832357
 -0.00698901  0.13036247 -0.08942841 -0.01458132  0.01781494 -0.05414876
 -0.0084579  -0.08754403 -0.10617106  0.03532609 -0.10458398  0.00109357
  0.02928291  0.06960194 -0.0195579  -0.04923125 -0.00106984 -0.02950037
  0.0022063   0.04443274 -0.00448147 -0.04129256  0.11170564 -0.0467364
 -0.00227751 -0.01544045 -0.06651371 -0.00696921 -0.19203591  0.04041117
 -0.06919106  0.09363762 -0.00074698  0.06378334 -0.01606705 -0.02971998
 -0.07791439 -0.05441954 -0.07255724  0.04959529  0.05105688 -0.07315756
 -0.08460154 -0.0835927   0.07330751  0.0823503  -0.08602891 -0.08869933
 -0.06026055  0.01820788 -0.0138123  -0.00459493  0.03857262 -0.0252379 ]"
symptoms,"[ 1.46729527e-02  6.02393560e-02 -4.40651737e-03  1.50197409e-02
 -3.04951426e-02 -9.28664654e-02  1.20159127e-02  2.06999928e-02
  9.48477313e-02  7.97382454e-05  6.09071292e-02 -2.77419551e-03
 -2.60936972e-02  2.67117750e-02  3.95354219e-02 -4.91278581e-02
 -9.91543755e-03  2.80536432e-02 -5.32735363e-02 -3.32511365e-02
 -6.74499199e-02 -7.58243129e-02  6.15041330e-02  1.46586718e-02
 -5.25068082e-02  2.49206554e-02 -3.54456529e-02 -7.09227324e-02
  2.16953419e-02  1.05978742e-01  3.52901295e-02  5.56868501e-03
 -1.15557704e-02 -2.74226628e-02  7.58318752e-02 -3.84180108e-03
  3.33935618e-02 -1.77930184e-02  5.89482812e-03 -3.68194692e-02
  7.64246732e-02 -9.69413072e-02 -5.92836924e-02  9.03780311e-02
 -4.15161960e-02  2.02826783e-03  1.89664420e-02 -9.11841691e-02
  7.61779305e-03 -2.74681672e-02 -3.59027162e-02 -4.08183523e-02
 -2.06009741e-03 -3.14490311e-02  3.71542722e-02 -4.25800793e-02
  4.05302905e-02  6.50181025e-02 -7.86612183e-02 -2.79195630e-03
  2.54563112e-02 -2.10431274e-02  1.10628922e-02  5.93724288e-03
  3.67632252e-03  2.12909412e-02  3.68020386e-02 -5.85570782e-02
 -2.17897911e-03 -3.38324010e-02  7.55236484e-03 -8.13983828e-02
 -1.34954564e-02  3.26598845e-02  8.09397697e-02 -2.84753796e-02
  4.06147353e-02  8.21819622e-03 -2.41294503e-03  2.04833578e-02
 -4.35358621e-02 -2.75614019e-02 -1.38719939e-02 -7.96077680e-03
 -9.90169961e-03  6.27229512e-02  1.76827237e-02 -5.15353121e-02
  2.39482522e-03  4.20760065e-02  6.19824836e-03 -1.65954400e-02
  1.62473656e-02 -5.48681468e-02  4.65422980e-02 -1.18439682e-02
  3.45926955e-02  2.17119809e-02 -7.43388850e-03 -7.17473999e-02
 -3.42389457e-02 -6.57292530e-02 -3.88306640e-02 -3.31137069e-02
  3.52659933e-02 -4.66894265e-03 -1.34535404e-02  3.76424976e-02
 -2.08975039e-02 -2.21909750e-02  1.82286408e-02  3.64997499e-02
 -9.90745239e-03  1.17530618e-02  2.69689318e-02 -6.79921880e-02
  2.35979054e-02  4.52352054e-02 -1.01759538e-01 -2.59065125e-02
  3.64782475e-02  3.00762686e-03  1.45028913e-02 -5.24744838e-02
 -4.00899947e-02 -8.57806578e-02  3.99035141e-02  2.35607428e-03
  1.12715531e-02 -2.14131903e-02  5.44113033e-02  5.43279685e-02
 -7.48132006e-04  4.82352637e-02  3.42801884e-02 -5.21459468e-02
  3.56311724e-02 -4.03047577e-02  4.61086221e-02 -1.31494641e-01
 -2.49322560e-02  8.79953708e-03 -5.83206154e-02  3.96177582e-02
  2.09954716e-02  3.75867374e-02 -1.04457989e-01 -1.85120758e-02
  2.74117142e-02  3.25978249e-02 -1.86942443e-02  1.47228036e-02
 -1.41898105e-02 -9.04312916e-03 -5.01565775e-03  2.59888504e-04
  2.80455612e-02  2.10209247e-02  5.03482409e-02 -1.25114784e-01
  5.14426865e-02 -2.81992517e-02 -4.57063764e-02  1.01202978e-02
 -6.37050495e-02 -8.69312659e-02  5.69684058e-02  5.04627451e-02
  1.92881059e-02 -2.88530774e-02 -8.35856702e-03  1.78236200e-03
 -6.25555357e-03  2.36362545e-03  1.26151573e-02  1.77324971e-03
  8.13868642e-03  2.74967644e-02  3.44343297e-02 -1.39754806e-02
 -2.07122741e-03 -3.25567499e-02 -5.21283895e-02 -3.51773053e-02
  1.53477546e-02  5.98471202e-02  4.19516070e-03  3.10260020e-02
 -1.11058336e-02  3.49955144e-03  1.84635911e-02  8.76956899e-03
 -3.03442646e-02 -6.69654459e-02  5.39308935e-02  1.00990765e-01
  1.48197729e-02 -1.08164493e-02 -2.89799497e-02  2.26371847e-02
  4.54129130e-02  1.98783912e-02  2.04124805e-02 -3.07496879e-02
 -3.89539748e-02  3.62337790e-02 -8.02515075e-02  3.05158887e-02
 -8.10166150e-02  2.04568040e-02 -5.01511544e-02  9.57262889e-03
  3.04914564e-02 -6.91678375e-02 -5.28504811e-02 -1.03360470e-02
 -2.15232372e-03  8.63165557e-02  8.27989429e-02 -4.29365970e-02
  6.42949045e-02  1.98867023e-02  8.42372701e-02  6.11096574e-03
 -2.58548763e-02 -5.68556599e-03  7.72856036e-03  4.24510129e-02
  6.43761605e-02  6.60630642e-03 -2.16647405e-02 -3.75008434e-02
  3.26849669e-02  2.99033076e-02  1.83203034e-02 -4.78811301e-02
 -4.21004258e-02  5.14275953e-03 -5.04797790e-03 -2.60825921e-02
 -7.77316615e-02  2.44223867e-02 -1.30326986e-01 -6.09816648e-02
  3.24537195e-02 -1.02894707e-02  2.79504582e-02  1.49363140e-02
  2.89440043e-02  3.91087085e-02  5.24344556e-02  6.81908503e-02
  5.66880144e-02 -3.23078744e-02 -4.49828357e-02  7.42418319e-02
 -1.55058634e-02  7.62343556e-02 -1.07964920e-02 -5.20305485e-02
  1.12310136e-02 -3.62932263e-03 -1.05890082e-02  4.00403049e-03
 -2.71978998e-03  4.58450951e-02 -1.04929559e-01  5.53159826e-02
  3.74705754e-02  9.64338775e-04 -7.92833120e-02 -3.30286175e-02
  1.55197305e-03 -3.23820226e-02 -1.39660863e-02  6.24320842e-02
  4.40837443e-03  3.45768929e-02 -4.00077272e-03  2.46973559e-02
 -4.04455466e-03  3.98833342e-02 -4.29407619e-02 -8.81161727e-03
 -1.04855970e-01  1.09123243e-02  5.37343919e-02 -7.90071338e-02
 -3.00311036e-02 -4.71744426e-02 -3.02996449e-02  1.73762217e-02
 -8.92164931e-03 -9.50864423e-03 -6.91914335e-02 -4.02088389e-02
  2.48728972e-02  4.49957997e-02  3.56734991e-02  1.05434498e-02]"
me,"[ 1.82099491e-01 -4.17294860e-01  1.79746434e-01 -7.75719807e-02
 -5.54216877e-02 -1.04987182e-01 -2.26862729e-01 -1.68664735e-02
 -4.31802571e-02  3.24412063e-02  3.57008129e-02 -1.36782542e-01
 -6.48305565e-02 -1.91997096e-01 -5.81216849e-02  6.59556016e-02
 -7.37472698e-02  4.31283973e-02 -1.85065567e-01  2.01482594e-01
  2.38624781e-01  1.76784530e-01  7.11636022e-02 -1.24439985e-01
 -4.66130912e-01 -6.71279430e-02 -1.79489166e-01  4.09039594e-02
 -4.49110987e-03  6.74643517e-01 -3.02954108e-01 -5.96126430e-02
 -6.26233891e-02  1.37764215e-01  1.43746957e-01 -1.02355495e-01
 -2.02861816e-01  2.13243693e-01 -2.54420172e-02  8.97482503e-03
 -1.09066613e-01  1.59294248e-01 -1.54485121e-01  5.21889627e-01
  2.83650666e-01  9.68055576e-02 -1.14727221e-01  9.48628262e-02
 -1.91940263e-01 -1.21548638e-01  1.26680791e-01 -1.01140253e-01
 -2.47997135e-01 -4.22163568e-02 -2.45015278e-01 -3.22047412e-01
 -1.69285595e-01  6.69999840e-03 -2.01767594e-01 -2.20749155e-02
 -1.44213006e-01 -6.74644671e-03 -9.34553519e-02  2.19793618e-03
 -1.62554055e-01 -1.28113344e-01 -4.59455624e-02  1.52597830e-01
  4.98794280e-02 -6.21538348e-02 -1.87871590e-01 -8.61951038e-02
 -1.81151912e-01 -2.25812480e-01 -1.28621655e-02 -2.07727388e-01
 -8.21567252e-02  1.92296579e-02  2.25409850e-01  7.75185674e-02
 -2.65675858e-02 -6.05112389e-02 -8.50513205e-03  1.12314403e-01
  4.69922453e-01 -5.23149110e-02  4.55446661e-01  6.63509607e-01
  1.86841592e-01 -2.27091700e-01 -9.53233615e-02  5.91878369e-02
  9.05072153e-01 -1.83813274e-01 -1.97075263e-01  2.05180228e-01
  1.86923146e-01  2.27645755e-01  1.34981364e-01  8.41079950e-02
  2.52044529e-01  6.56943172e-02  7.85562545e-02 -3.57988715e-01
  1.60140812e-01  9.78694335e-02  4.29316759e-02  8.83294418e-02
  7.99710676e-02  7.03033283e-02  1.00120477e-01  1.08730294e-01
  1.38964120e-03  5.72230697e-01  1.93695962e-01 -6.22527627e-03
 -1.46208152e-01  1.08048089e-01  3.56065109e-03  1.54972142e-02
 -8.96451920e-02  1.27585351e-01  3.54056090e-01  2.00050157e-02
  6.19858801e-02  3.88956636e-01  1.95634104e-02 -2.19505951e-01
  6.18958622e-02  2.36726388e-01  2.84824390e-02 -1.17944591e-01
  1.36698484e-01  1.42933264e-01  1.35674983e-01 -2.49133661e-01
 -2.78392196e-01 -3.34554791e-01 -1.25122279e-01 -1.23066515e-01
 -1.11275300e-01  3.98717485e-02  1.77916535e-03  1.84822883e-02
  3.03667307e-01 -2.41540909e-01 -1.05216444e+00 -1.01464249e-01
  3.68008800e-02  2.15068877e-01 -3.41733932e-01 -2.21906211e-02
 -1.01398461e-01  9.92853120e-02 -1.15378248e-02 -1.04690893e-02
  1.92231491e-01 -9.27270874e-02  1.23244775e-02  5.22168502e-02
  6.43942878e-03  1.53615847e-01 -6.12591766e-03 -6.15881495e-02
  2.53454573e-03 -1.27267003e-01  7.49350190e-02 -3.51066858e-01
  1.23837218e-01  1.84980899e-01 -7.20233768e-02 -9.90221351e-02
 -7.97498822e-02  1.76946908e-01  5.33709005e-02 -1.95489541e-01
  1.10970333e-01 -2.19380409e-01  2.19319135e-01  1.37721762e-01
  1.91590458e-01  2.26857230e-01 -1.54676279e-02  1.07942909e-01
  4.45674770e-02  5.39794564e-01  1.06070131e-01  1.52980596e-01
  2.54517883e-01 -1.60743520e-02  5.02536446e-02  7.95970932e-02
  1.02600986e-02 -2.66672313e-01 -3.69278304e-02 -1.92317605e-01
 -9.09861475e-02 -1.46338001e-01  2.57609069e-01 -1.25918277e-02
 -5.24552278e-02  3.57533783e-01  4.31422628e-02 -6.06135353e-02
 -3.83349173e-02  1.44238949e-01 -2.01073244e-01  5.08093871e-02
  1.38528809e-01 -1.17455712e-02  1.06635891e-01 -1.81328766e-02
 -7.17935190e-02 -1.49972737e-01 -1.92680761e-01 -2.17276707e-01
  2.25100085e-01  2.12006897e-01  6.13624677e-02 -1.74731642e-01
  9.16743875e-02  4.89803068e-02 -1.79978162e-01  4.56951733e-04
  4.70067374e-03 -1.58630192e-01 -7.79903010e-02 -1.67292416e-01
 -2.05681875e-01 -9.33654457e-02  8.26158226e-02  1.87780336e-01
 -2.30440542e-01 -1.88762486e-01 -4.85446159e-04  1.96155563e-01
 -2.96696089e-02  2.60421872e-01  1.35076419e-01 -2.77943969e-01
  7.30838776e-02  1.18186884e-01  2.39193648e-01 -1.30208522e-01
  7.05316365e-01  7.97193684e-03 -2.15904355e-01 -6.99899644e-02
  6.90161809e-02 -1.37968332e-01  2.40877330e-01 -8.75628367e-02
 -1.37408063e-01 -5.10581993e-02  4.73890901e-02 -1.72543842e-02
  2.96307325e-01  7.68407956e-02 -5.19168451e-02  3.19685310e-01
  1.09803021e-01 -5.05627841e-02 -1.48115933e-01  7.64800310e-02
  1.09002985e-01 -3.18454280e-02 -1.14118844e-01 -1.51248083e-01
  1.75620064e-01 -3.53255183e-01  2.76190042e-02  3.82070914e-02
 -1.90402955e-01  1.82017997e-01  7.96500966e-02  4.15395617e-01
 -1.48908282e-02 -2.60364860e-01 -1.31580755e-01  3.52449030e-01
  1.63143799e-01 -1.21122688e-01 -4.36691791e-01 -9.42489952e-02
 -1.17564291e-01  3.10294470e-03  8.82036611e-02 -3.15235764e-01
  1.90992001e-03 -4.40554060e-02  3.10323685e-01  1.08184293e-02
 -5.75751007e-01  1.12159021e-01  1.37142599e-01 -6.30342402e-03
  9.59504116e-03  9.83080029e-01 -1.05174981e-01  9.66542661e-02]"
how,"[-6.61915392e-02  2.63343751e-03  1.13023736e-01 -5.25831431e-02
 -1.26854986e-01 -3.88001651e-02  3.77280265e-03  2.04363894e-02
  1.23929501e-01 -2.00951230e-02 -3.88944522e-02  1.55035518e-02
  6.70270920e-02  2.45685354e-02 -2.30935231e-01 -1.55799448e-01
  1.02092713e-01  4.10223380e-02  8.88049603e-04  2.18806073e-01
  1.53679876e-02  4.80575487e-04  3.72364521e-02 -8.90217423e-02
 -4.33247983e-02 -4.94012833e-02 -5.30324206e-02  3.29783671e-02
 -4.14884929e-03  5.99294156e-03 -1.52493864e-02 -1.68028902e-02
 -2.55812816e-02 -2.47541234e-01 -6.12371415e-03  8.99520889e-02
 -6.92618936e-02  3.82531807e-03 -3.79794016e-02 -7.97914714e-02
  4.02411558e-02 -7.24410936e-02 -1.66191518e-01  1.08621329e-01
  1.42279103e-01  1.85836405e-02  1.03005961e-01  8.55383500e-02
 -2.39118356e-02  1.47836059e-02  1.27328753e-01 -2.52513252e-02
 -8.52417797e-02  1.14321262e-02 -1.06754810e-01  1.60979345e-01
 -1.44555151e-01 -3.10777575e-02 -1.44456699e-01 -7.67734200e-02
  1.30023494e-01 -8.00842121e-02 -4.62541580e-02 -1.69345051e-01
  2.96056978e-02  1.64576501e-01  4.85538319e-02  6.14869557e-02
  5.61247841e-02  2.60651968e-02 -1.66759089e-01  1.26770586e-01
 -8.25559255e-03 -3.97156850e-02  2.11079232e-02 -7.87173957e-02
  5.39514348e-02  5.91620803e-03  2.04621494e-01 -4.49257046e-02
 -6.06517196e-02 -4.52576987e-02 -3.78162749e-02  1.25149610e-02
 -3.22227746e-01 -8.67250608e-04  6.39393628e-02 -9.40389335e-02
  1.99411020e-01  4.83114384e-02  1.01236753e-01  7.36270025e-02
  2.34840035e-01 -6.89261360e-03  2.90807784e-01  1.70299448e-02
 -4.08631116e-02 -1.74144208e-02  1.63447727e-02  8.02313089e-02
  7.15866610e-02 -3.42080444e-02  5.99322356e-02 -2.07648322e-01
 -7.54205696e-03 -9.25677642e-03  1.02639563e-01 -1.07879914e-01
 -1.03636019e-01  3.80959511e-02  1.18711337e-01  1.11992508e-01
  2.23763157e-02  4.32490930e-02  3.48079614e-02 -4.88011017e-02
 -4.66184132e-02  2.32816897e-02  5.03750108e-02  6.90283254e-02
  7.69988224e-02 -1.77836679e-02  2.14358568e-02 -6.48655221e-02
  8.22405517e-03  1.43005371e-01 -3.43015045e-03 -1.28237620e-01
 -3.01832110e-02  2.83205286e-02 -3.29241604e-02 -1.07928794e-02
  3.21053416e-02 -9.25591290e-02  3.93056981e-02 -9.00397897e-02
 -1.17323905e-01  8.10272694e-02  4.13287058e-02 -2.26951167e-02
 -9.93529707e-02  1.62809733e-02 -9.96341333e-02  1.26990154e-01
  1.97140038e-01  2.10127681e-01 -2.85784215e-01  9.16139409e-02
 -1.49960304e-02  6.85450621e-04 -1.80515811e-01  1.74172949e-02
 -3.08717459e-01 -1.50459399e-02 -1.35930488e-02 -8.38707015e-02
  8.29726830e-02  8.19748938e-02  6.37219474e-02  8.78043324e-02
 -1.79356098e-01  4.08888683e-02  1.67865679e-02 -8.19575638e-02
  6.43913746e-02 -4.83464375e-02 -4.43259031e-02 -8.77519771e-02
  1.29143223e-01 -5.37927076e-02  9.89887048e-04 -4.70772535e-02
 -2.59445719e-02 -4.76297177e-02 -2.97041032e-02 -1.06644690e-01
 -2.71882564e-02 -1.92624945e-02  5.02970070e-04 -2.18701717e-02
  4.37093377e-02  1.22526839e-01 -7.85654131e-03  2.15881951e-02
 -2.14493461e-02  9.38154310e-02  3.53440419e-02 -1.35599270e-01
  1.36001483e-01  4.11832035e-02 -1.08002372e-01  1.59801655e-02
 -8.96715075e-02 -1.66766234e-02  1.79087911e-02  3.81071419e-02
 -1.57640234e-01 -9.20277387e-02  1.97881594e-01  1.07995212e-01
 -9.91545618e-02  2.21621022e-01  4.34853658e-02 -1.83715634e-02
 -5.46495095e-02 -2.43287850e-02 -3.02015454e-01  3.90324220e-02
  1.65373385e-02  1.48476735e-01  1.36173993e-01 -1.82128623e-02
 -6.05044812e-02  1.92995742e-02 -5.82467690e-02  3.69953886e-02
 -2.49163099e-02  1.15791410e-02  5.44980951e-02 -2.84758210e-03
  8.31942726e-03  7.43694380e-02  1.36045739e-02  1.58103436e-01
  3.94241139e-02 -9.65703204e-02  1.57267302e-02 -9.93513018e-02
  1.55935884e-01  3.82205006e-03  9.44791175e-03  1.43016890e-01
  5.18465340e-02  7.66744092e-02 -4.27569225e-02 -6.32818341e-01
 -4.61921506e-02 -1.16935000e-03  1.67069286e-01  1.55537039e-01
  6.41347840e-03  1.16599649e-02 -5.02611957e-02 -2.19579577e-01
  4.32369649e-01  2.81606130e-02  6.66480660e-02 -2.53438968e-02
  5.93359657e-02 -1.78343177e-01  4.61292602e-02 -1.26418486e-01
 -1.42452409e-02 -7.47853145e-02 -2.07977481e-02  9.38337445e-02
 -1.42929345e-01 -4.55366261e-03 -1.33531336e-02 -1.73883662e-02
 -7.36746937e-02 -1.67134441e-02  7.41908550e-02 -2.07438674e-02
 -4.05036211e-02  7.98248202e-02  1.11546852e-01  6.14071824e-02
 -1.51221335e-01 -1.31200880e-01  5.15930727e-02  4.86944616e-03
 -1.62744433e-01 -1.36364698e-02 -5.17996997e-02  2.83469558e-01
  2.53358930e-02  4.15602624e-02 -2.02600509e-02  9.04692486e-02
  4.68101352e-04 -1.16486058e-01 -3.10113132e-01  4.05697450e-02
 -1.64087474e-01 -8.00696760e-02 -1.66376345e-02 -1.17480211e-01
  6.98494017e-02  1.88647211e-03  1.15698159e-01 -9.64399874e-02
 -2.58613050e-01 -7.65175745e-03 -2.20046714e-01  3.16343158e-02
 -3.63666937e-03  2.90614963e-01  7.35568255e-02  3.21690403e-02]"
stroke,"[-2.42310023e-04  3.88730615e-02  2.18568724e-02  5.79019897e-02
  6.29707007e-03  1.19530009e-02  2.80700326e-02  1.02472953e-01
  3.74595374e-02  4.17706855e-02 -1.12629987e-01 -1.87531170e-02
  3.12100332e-02  2.07059383e-02  4.92026694e-02  5.17915748e-02
 -6.66172653e-02  1.08595125e-01 -4.25778292e-02 -5.81719866e-03
 -6.42271060e-03 -2.70101870e-03 -8.05196445e-03 -4.18275259e-02
  3.06773372e-02  2.41731703e-02  7.05517530e-02  1.58010926e-02
  1.00139178e-01  9.17717889e-02  5.36375903e-02 -3.36372219e-02
  1.18879311e-01 -6.51653707e-02 -3.65231633e-02  5.84896877e-02
  6.99562579e-02  4.02025990e-02  8.96216631e-02  1.60695240e-02
  7.77119249e-02 -1.09099550e-02 -4.85558100e-02  1.30461127e-01
 -5.62443547e-02  3.65747362e-02 -1.11797288e-01 -8.74880236e-03
 -7.71320984e-02  5.75011922e-03  7.19218478e-02 -1.21553754e-02
  2.45274510e-02 -5.53131364e-02 -6.99803233e-03 -3.70956063e-02
 -4.28075977e-02  5.44226542e-02 -1.35601059e-01  4.45316285e-02
  6.58593252e-02 -7.63228163e-02  6.42083362e-02 -1.54608907e-02
  1.10857166e-01  4.08041887e-02 -6.58399463e-02 -2.13001831e-03
 -2.51113772e-01 -1.20786943e-01 -3.74122374e-02 -5.36876880e-02
  5.08915484e-02 -7.56657347e-02 -9.31858420e-02 -1.02223240e-01
 -6.88685253e-02 -4.73569594e-02  2.23010415e-04  1.32165255e-03
  4.93953414e-02  6.59261737e-03  6.85294196e-02 -1.97082795e-02
  1.28778787e-02  4.75551262e-02  6.80816993e-02  2.65861745e-03
  6.16404135e-03  2.40193494e-02 -6.04806421e-03  2.98781246e-02
 -3.51314247e-02 -1.19777679e-01 -4.91511822e-03  1.39202327e-02
  7.84441829e-02 -5.30416518e-03  1.33444294e-02  7.71635249e-02
 -3.15556154e-02 -2.06631068e-02  2.27571279e-02 -1.96040235e-02
 -6.19292930e-02 -4.44233827e-02  1.67524517e-02  4.28717397e-02
 -3.55131738e-02  1.50567321e-02 -5.74594922e-03 -3.83203812e-02
  5.09524122e-02  5.99543229e-02  3.94986160e-02 -5.57561591e-02
  4.65515032e-02 -8.03806260e-02 -9.58907306e-02  1.32674864e-02
 -3.71886902e-02  1.92617383e-02 -6.01003058e-02 -7.87459910e-02
 -6.46311650e-03 -2.13507023e-02 -1.69881970e-01  1.03679083e-01
 -5.15461974e-02 -4.63196747e-02  1.17794089e-01  1.00763954e-01
 -4.43797633e-02  2.02228054e-02 -2.52349507e-02 -1.15834117e-01
  6.42619357e-02  3.35999280e-02  1.17701128e-01 -3.86811011e-02
  3.24786231e-02 -1.03322446e-01 -4.18800255e-03  4.98538874e-02
 -7.84373935e-03 -7.55805150e-02 -1.26244470e-01 -1.74401160e-02
 -7.12666437e-02  4.23671715e-02 -1.29298493e-02  1.18143475e-02
 -6.73596486e-02 -2.50309445e-02 -4.02815230e-02 -6.43081544e-03
  5.85899539e-02 -8.58772844e-02  6.68930039e-02 -6.19319789e-02
  5.34077063e-02 -1.25166938e-01 -4.07179818e-02 -2.77241971e-02
 -1.04958583e-02 -1.30696744e-01  4.91130948e-02  4.45782579e-02
 -2.38614399e-02  5.48012136e-03  8.03319644e-03  4.32989886e-03
  7.24287480e-02  4.99208868e-02  5.58849461e-02  7.12181255e-03
 -1.99420955e-02  8.61337408e-02 -5.44595197e-02  3.35923769e-02
  2.15631705e-02 -1.56419575e-02  5.67111857e-02 -2.40043402e-02
 -9.20034200e-03 -5.06999604e-02  2.66605001e-02  4.35701720e-02
 -8.44588205e-02 -1.92970205e-02  2.72577461e-02 -1.07984347e-02
  1.60240997e-02 -1.33613348e-02 -2.85898838e-02  3.54232490e-02
 -3.85168158e-02 -1.94197427e-02  1.28246546e-01 -2.01729243e-03
  2.76445355e-02  4.66006510e-02  5.56918560e-03 -3.25592421e-02
 -5.06847985e-02 -1.03442017e-02 -3.52796093e-02 -4.49336357e-02
 -3.18261608e-02  1.11852624e-01 -5.76059297e-02  7.51850754e-02
 -1.94499549e-02  6.93728542e-03  2.82697976e-02  3.29954028e-02
 -6.97621554e-02 -9.30764899e-02  6.65336996e-02 -6.44443650e-03
  2.76245177e-02 -7.51935169e-02  4.23862450e-02  5.34982271e-02
 -1.76511612e-02 -3.74892838e-02 -2.31652078e-03 -6.66759238e-02
  4.20255587e-02 -1.41140804e-01  4.33525397e-03 -1.19558470e-02
  6.31749956e-03 -4.31041159e-02 -3.05507495e-03 -4.04098593e-02
 -5.23822606e-02 -9.16041620e-03  4.51094396e-02 -2.90700346e-02
 -1.14375614e-01 -4.37934184e-03 -7.71407783e-02 -8.08782503e-02
  8.55778977e-02 -6.42380342e-02  5.02687693e-02  4.21438850e-02
 -1.77201387e-02  4.50880267e-02  7.11226612e-02  7.61363059e-02
  1.39469251e-01  8.77479017e-02 -9.37064663e-02  3.05224862e-02
 -4.85145748e-02 -5.71583211e-02 -2.51056589e-02  7.66217941e-03
  2.02960409e-02 -1.57159120e-02 -4.83639240e-02  2.38562487e-02
  2.01358255e-02 -2.61996575e-02  2.18063071e-02  2.16625854e-02
  2.95898300e-02  1.92486253e-02 -2.17759330e-02  9.83481877e-04
  2.07999796e-02  2.47468799e-03 -8.28423128e-02  4.03854065e-02
 -5.65438978e-02  5.06123677e-02  4.50160913e-02  8.67527165e-03
  4.08258066e-02  8.58288929e-02 -2.67525446e-02 -3.15829553e-03
 -2.04731777e-01  1.79480314e-02 -7.36848405e-03 -1.56578608e-02
 -7.63795823e-02  5.99231124e-02 -4.10794327e-03  6.46007881e-02
 -5.84522001e-02  8.71060044e-02 -7.22764358e-02 -1.24192908e-01
 -5.31940125e-02  6.47848770e-02  4.06195335e-02 -5.63081615e-02]"
diabetes,"[ 2.66517308e-02 -5.50533133e-03  4.03945819e-02  1.43104354e-02
  1.21714445e-02  3.73507626e-02  4.48851362e-02  7.07524717e-02
  2.45890114e-02  2.06059497e-02  1.02338297e-02 -5.28270043e-02
 -6.69950247e-02  3.72967520e-03 -2.40937155e-02  3.21787829e-03
  2.69589806e-03  9.83766541e-02 -9.30464044e-02  1.68398060e-02
  7.36800628e-03 -4.16715484e-04 -1.34825185e-02 -3.56079042e-02
  4.93054837e-03  2.40103193e-02 -3.05536366e-03 -6.12371676e-02
  3.45734060e-02  1.39383614e-01 -3.07154208e-02  4.38064821e-02
  5.28979637e-02  4.45477739e-02  3.54307890e-02  2.29135295e-03
  5.38680255e-02  8.94212276e-02  1.57402717e-02 -8.25082790e-03
 -3.86206098e-02 -1.71223935e-02 -4.24589328e-02  1.06044553e-01
 -4.80851568e-02 -7.52982870e-03  4.24550707e-03 -8.85184680e-04
  4.01175255e-03  7.41799921e-02  5.57622388e-02 -5.69444615e-03
  7.69035378e-03  5.84509894e-02  1.38910972e-02 -3.15220878e-02
 -8.86861607e-03  1.33863753e-02 -1.13042742e-01  1.95182469e-02
  2.01765895e-02 -1.66346699e-01 -8.12874585e-02  4.66088317e-02
  7.65839592e-02  6.75850213e-02  6.71116859e-02 -1.63153950e-02
 -1.16038099e-01 -4.27941494e-02 -1.89012680e-02 -2.29291264e-02
 -1.41375624e-02 -1.44707840e-02  2.90914364e-02 -1.31281912e-01
  6.00663610e-02 -7.16179470e-03 -2.44241599e-02  9.97376908e-03
  2.77261399e-02  4.17942852e-02 -4.39175256e-02 -9.72012803e-02
  6.54978445e-03  5.50481901e-02  2.33088210e-02 -3.96995544e-02
  5.97966686e-02  5.92412101e-03  1.86640974e-02  2.60553826e-02
 -2.41989084e-02 -1.02976650e-01  3.77259701e-02 -1.09797185e-02
  5.17142192e-02 -4.23110975e-03  8.05564895e-02 -1.36223249e-02
  4.03796360e-02  2.84734815e-02  2.74682418e-02 -2.18726210e-02
  1.28325401e-02  7.07430625e-03 -8.91797419e-04 -3.07036098e-02
 -4.28607836e-02 -1.29632130e-01  1.67906340e-02 -5.32737486e-02
  6.87734643e-03  6.63070008e-02  6.40030131e-02 -2.44502351e-02
  1.04629241e-01  4.86596599e-02  5.21948077e-02 -1.14769051e-02
  4.73269597e-02  7.32468814e-02  3.08937244e-02 -6.38008118e-02
 -8.41564015e-02  9.23176669e-03 -2.71314383e-02  5.85954897e-02
 -1.49345296e-02 -3.81863303e-02 -5.89112788e-05 -5.65917557e-03
 -1.13903485e-01 -2.73395446e-03  3.56184542e-02 -4.17790823e-02
  4.20488231e-02 -4.89212805e-03  4.93798964e-02 -4.23458219e-03
 -4.66707200e-02 -8.55842158e-02 -4.34596799e-02 -1.39299706e-02
 -5.73763577e-03  1.06693637e-02 -8.67278427e-02 -4.08070497e-02
  3.11452970e-02 -6.48476509e-03 -2.14469004e-02 -6.35149106e-02
 -5.28020971e-03 -3.14528355e-03 -3.54063325e-02 -3.69827710e-02
  4.11604308e-02  3.48782763e-02  4.01383564e-02 -6.32415637e-02
  1.52885243e-02 -2.10648756e-02  1.42203597e-02 -1.62979793e-02
 -4.07628976e-02 -1.33075327e-01  2.46101841e-02 -8.49231519e-03
 -1.94845498e-02 -1.92188472e-02 -4.10913751e-02  6.25490174e-02
  8.95346031e-02 -1.21707153e-02 -1.78108476e-02  6.62439391e-02
 -5.28408922e-02  1.37718469e-01 -1.97871737e-02 -2.17410270e-02
 -6.87037706e-02 -5.46137206e-02  1.28370170e-02 -1.17101623e-02
 -3.45378416e-03 -4.75160144e-02  4.56054471e-02  1.78639777e-02
 -4.50718291e-02  2.80673429e-02  4.72609624e-02 -6.62042052e-02
  3.69782967e-04 -8.56169015e-02  3.68635100e-03  3.66916582e-02
 -8.23636167e-03 -7.03643309e-03 -1.87574979e-02  3.53125706e-02
  4.17362973e-02  1.25370119e-02 -1.67969614e-02 -7.41744414e-02
 -5.06008305e-02 -4.48079072e-02  3.41323428e-02 -2.78118365e-02
 -5.13127185e-02  2.52791587e-02 -5.44607639e-02  1.00886496e-02
 -6.46716496e-03 -1.91725623e-02 -1.60734472e-03 -2.85458565e-02
 -6.35155067e-02  1.35307508e-02 -1.28230983e-02  2.57127099e-02
  4.55253795e-02  6.93407878e-02  6.24629073e-02 -3.72963063e-02
 -5.73825873e-02  4.45265099e-02 -1.11994566e-02  1.01075567e-01
  4.55085672e-02 -7.35897422e-02 -2.46362425e-02  5.52610382e-02
 -8.76466092e-03  6.28299937e-02 -4.27722111e-02  6.86890353e-03
 -4.31440137e-02  3.18761133e-02  2.69027520e-02  2.18016817e-03
  2.43889056e-02 -2.68318981e-04 -2.78592501e-02 -3.94003652e-02
  4.48371619e-02 -2.86115287e-03  4.15142775e-02  5.24812751e-02
 -2.06157025e-02  2.61927284e-02  5.95659651e-02  5.61739989e-02
  4.34145257e-02 -1.99606903e-02 -4.84446771e-02  3.05891074e-02
  5.19368425e-02  3.75478738e-03 -1.73181817e-02 -7.47254258e-03
 -3.37169915e-02  1.28865484e-02  8.66093021e-03 -1.49588333e-02
 -4.19702521e-03  4.37195040e-02 -9.21203271e-02  7.13450834e-02
  6.82672411e-02  6.55786740e-03 -5.47713563e-02 -3.77099626e-02
 -2.93440018e-02  6.00641686e-03 -1.00601837e-01  1.89086292e-02
 -3.38880382e-02  6.48078043e-03 -2.62781139e-03  1.04971020e-03
 -2.83889677e-02  1.31760805e-03 -9.06266831e-03 -1.06469830e-02
 -2.88075525e-02  1.69998612e-02 -4.63142134e-02 -1.32410098e-02
  2.80917827e-02 -5.27961366e-03 -5.98407872e-02  4.07136977e-02
 -4.06766310e-02  6.74353763e-02 -4.90632318e-02 -2.39933170e-02
 -1.80669706e-02  4.23817113e-02  1.12973176e-01  2.11877786e-02]"
the,"[-5.1744193e-02  7.3963955e-02 -1.3056880e-02  4.4726558e-02
 -3.4320366e-02  2.1216884e-02  6.9114864e-03 -1.6327847e-02
 -1.8074857e-02 -1.9965237e-03 -1.0204669e-01  5.9048859e-03
  2.5654055e-02 -2.5966209e-03 -5.8556058e-02 -3.7758686e-02
  1.6311873e-02  1.4632370e-02 -8.7592984e-03 -1.7594784e-02
 -8.5473265e-03 -7.7933762e-03 -1.8278033e-02  8.7982425e-03
  1.3020262e-03 -9.3829416e-02  1.3899146e-02  1.4892999e-02
 -3.9370976e-02 -2.9441122e-02  9.4229309e-03 -2.5228418e-02
 -1.0441078e-02 -2.2131945e-01 -2.2859765e-02 -8.9352690e-03
 -3.2222651e-02  8.2170159e-02  2.0999780e-03  2.8173504e-02
  7.1706679e-03 -9.1256052e-03 -3.5169393e-02 -1.7804421e-02
 -7.0554018e-02  6.3023090e-02 -9.2463074e-03 -2.2327038e-02
 -5.5855121e-03  5.1472299e-02 -3.0691121e-02  4.3648228e-02
 -1.0969555e-02 -5.5454243e-02  8.9382846e-03 -6.7269951e-02
  1.0507602e-02  5.7409748e-02  9.9205226e-03 -2.8267926e-02
  4.7040958e-02  5.2922955e-03  3.0449405e-03  7.1547925e-04
  4.4293776e-02  6.8952739e-03 -3.3405542e-02  9.0573719e-03
 -7.5827073e-03  6.6013951e-03  9.1741070e-02  3.1111507e-02
  5.4291110e-02  2.8172497e-02 -1.9965246e-02 -3.3377998e-02
  5.2875523e-03  3.6380410e-02  2.2493297e-01  9.2760690e-02
 -1.2265386e-02  8.5603036e-03 -5.9897833e-02  6.7627057e-02
  4.0244531e-02  1.1667766e-03  4.6392195e-02 -4.3697126e-02
  5.9422092e-03  9.1720872e-02 -4.1248228e-02 -1.5125338e-02
 -2.3081664e-02  9.4991522e-03  5.8831450e-02  2.7860444e-02
  6.4699247e-02 -5.6754317e-02 -1.2956021e-02  4.7435097e-02
  3.5370559e-02 -1.2107648e-02 -7.6668281e-03 -1.3060047e-01
  1.3443286e-02 -5.0564721e-02  1.1079249e-02  1.1873988e-02
 -2.2108890e-02  3.9386481e-02  2.2054724e-02  2.4534281e-02
  3.9128447e-03  1.1459276e-01  2.2843661e-02 -4.6761386e-02
 -4.5948576e-02 -1.8947493e-02  7.6369648e-03 -3.0215990e-02
 -3.4818958e-02 -2.8876018e-02 -3.9914265e-02  2.4452757e-02
 -1.0191294e-02  5.7785839e-02 -3.8789868e-02 -1.1682925e-02
 -3.0445952e-02  2.4659814e-01 -1.1076082e-02  3.5597313e-02
  4.6201311e-03  2.0940802e-01 -1.0221106e-01  3.3591360e-02
  6.8838716e-02 -7.0793837e-02  2.6868334e-02 -4.2311825e-02
  7.6860068e-03 -2.6735539e-02  7.2407536e-03  3.4507746e-03
  3.5066087e-02 -6.3369051e-03 -4.4622430e-01  1.0489501e-02
 -1.2010100e-02 -4.4891421e-02 -1.6962138e-01  5.0397843e-02
  9.2967667e-02 -4.3746852e-03 -4.0635066e-03  3.2178551e-02
  2.0264927e-01  6.1254673e-02 -2.9505935e-02  2.2754304e-02
 -1.9002922e-02  1.7326590e-02  1.4805171e-01 -1.7467476e-02
 -1.2527288e-02  6.8655238e-02  3.3303589e-02 -3.0255811e-02
  4.2770527e-02  5.1253433e-03  2.2832775e-02  1.0362190e-02
  7.3143877e-02  7.8512467e-03 -5.0776633e-03  5.4326408e-02
 -3.2466546e-02  5.1149808e-02  2.8816491e-02 -5.8595642e-02
 -6.1839819e-06  4.9321692e-02  1.6600095e-02 -1.4284499e-02
  3.5886884e-02  5.4288849e-02 -4.5846915e-04 -5.8934964e-02
  1.6184049e-02 -2.2168038e-02 -1.9891288e-02  2.3476550e-02
 -6.7848280e-02  1.7855927e-02  3.2871775e-03  1.1379102e-02
  4.7309544e-02 -4.4313468e-02  3.2302890e-02  1.9490331e-02
 -6.4715907e-02  3.3882797e-01  6.9869339e-02 -2.1548674e-02
 -2.4406396e-02 -3.3775941e-03 -3.4299623e-03 -6.2153734e-02
  1.2268308e-02  3.7522655e-02 -1.9693021e-02  2.4134006e-02
 -8.7676890e-02  2.0063112e-02 -6.1464626e-03 -2.5583131e-02
 -1.9146342e-02 -2.6438782e-02  1.9015966e-02 -4.2245060e-02
  2.5072819e-02  8.2486890e-02 -9.6232528e-03  1.2875350e-01
  6.2096812e-02  5.3816255e-02  1.8866381e-02  4.2195003e-02
  1.8028523e-01 -1.0247063e-03 -3.2816626e-02 -5.5915482e-02
 -1.5692860e-02  4.8962057e-02  3.5219364e-02 -4.1748188e-02
  1.5906952e-02 -7.6621883e-02 -6.5723859e-02  4.9711797e-02
  1.0236055e-02  1.4712067e-01 -7.1055397e-02 -1.4687483e-01
  4.7367662e-01 -1.6923143e-02 -5.0867139e-03  1.5868289e-02
  5.4995734e-02 -6.3447654e-02 -2.1004319e-02  1.2220927e-02
  2.6895735e-02  5.9555098e-03  6.6397607e-02  1.0605827e-02
 -7.0530348e-02 -2.0743294e-02 -7.8432441e-02 -2.9104095e-02
 -2.8336700e-02 -1.5680161e-01 -3.9343774e-02  5.0449092e-03
  2.0447612e-02 -2.5592390e-03  4.3642983e-02  2.7916644e-02
 -3.9257962e-02  3.6711745e-02 -4.1726734e-03 -1.5636047e-02
 -7.3326826e-02 -1.6367330e-01  6.5232500e-02 -6.2313322e-03
 -6.5002993e-02 -1.9843546e-01 -4.1057192e-02 -1.5339209e-01
  2.0075357e-03  1.3305407e-02 -2.3640002e-01 -5.2790955e-02
 -4.2071864e-03 -4.4653896e-02  1.1204481e-02 -3.3242982e-02
 -5.5015638e-02  1.3315193e-03  1.6918648e-02 -4.3851335e-02
 -5.7783194e-02  2.2305436e-02 -7.7706613e-02 -4.3199524e-02
 -2.5055358e-02  2.3702517e-01  4.4751912e-04 -4.1930666e-03]"
main,"[-0.08668118  0.07669475  0.00322399  0.29269904  0.03428457  0.0690202
  0.00062059  0.00178685 -0.03651393 -0.06987169 -0.02246635 -0.0150196
  0.04532186  0.04828368  0.02732244  0.00792426  0.09295636 -0.0841725
 -0.03914288 -0.09068664 -0.00408408 -0.01770207  0.02492919  0.06264316
 -0.02861453 -0.06846609 -0.05208794  0.00489311 -0.07173815 -0.03407441
 -0.04673688  0.03557398 -0.12292456 -0.1601244   0.00867395  0.00671203
 -0.09021651 -0.14115062  0.08357355 -0.00754709 -0.04645481  0.02043343
 -0.08870866 -0.02910946 -0.04753073  0.00688838  0.02845885 -0.0139486
 -0.01120862  0.05292751  0.00333987 -0.01592406  0.16187128  0.04360553
 -0.02802824  0.01752296  0.12668362  0.03700362 -0.04909367 -0.09014037
 -0.00580333 -0.08938138 -0.04225784  0.03084584  0.02011657 -0.11048429
 -0.08976686  0.05635114 -0.05050968  0.078769    0.10586318  0.05447977
  0.00244508  0.07129036 -0.03245066  0.02653498 -0.03864767  0.04546554
 -0.01349849  0.16726989 -0.01154567  0.07363804 -0.04291163  0.00812908
 -0.10353668 -0.06588047 -0.10447896  0.06096233  0.0239752   0.1340826
 -0.03291109  0.03776566 -0.01493259 -0.03643454  0.0133871  -0.00333704
  0.02489648 -0.01259647 -0.12905543 -0.02684768 -0.07079627  0.02660035
 -0.06848615 -0.06953016  0.09974036  0.03312259 -0.04466413 -0.03577353
 -0.07101317 -0.05779144 -0.02401444 -0.0272318   0.04521725 -0.10980497
  0.01097021 -0.06416283 -0.00632321  0.06800436 -0.08790329  0.01284085
  0.11137484 -0.03146257 -0.03669437  0.07746378  0.05696196  0.01857686
 -0.03914942  0.10600865  0.01671349  0.21563712 -0.02109684 -0.06438267
  0.09272142  0.1883443   0.00304127  0.01622679  0.03300978 -0.16444653
  0.01932579  0.11286408  0.01626215  0.02094446 -0.00065525 -0.00607639
  0.04490147  0.09864902 -0.17832677 -0.09908359 -0.00568386 -0.05215564
 -0.07050424  0.071927    0.13160601  0.04990323  0.03035685  0.05063595
  0.09928381  0.06976537 -0.06895336 -0.00160421 -0.03802894  0.03902567
  0.13692164 -0.01077131  0.07888053  0.07531802  0.05127927  0.07714604
  0.12685102 -0.05644464  0.03248408 -0.01282916 -0.00205681  0.11400571
 -0.01422438  0.05344994 -0.06730691  0.12705776 -0.00708567 -0.03989376
 -0.00648629  0.08956399  0.03045661 -0.03969828  0.0146614   0.03052737
 -0.16924897 -0.01292056 -0.03666255  0.02305406 -0.07343596 -0.08038954
  0.02150906 -0.00290759  0.06249359 -0.00064501  0.1162743  -0.06210392
 -0.0261873  -0.03808934 -0.09886985  0.17290448  0.0627021   0.00890298
 -0.0597515  -0.0404383   0.05602134 -0.08793871 -0.05895326  0.12024274
 -0.00235092  0.01363465 -0.05242288 -0.06506117 -0.05603978 -0.03013327
 -0.10092402 -0.03712791  0.0430243  -0.14911042  0.06515852 -0.00298618
  0.02186233 -0.0093018   0.03292673  0.12326236  0.00429812  0.04175404
  0.07987995  0.01703409  0.00819209  0.02415938  0.0645147  -0.04596091
 -0.00593564  0.04892749 -0.02203391 -0.00399362  0.00973509  0.01203648
 -0.05017928  0.03855635 -0.13735572 -0.0726026   0.22101204 -0.05094139
  0.12105288 -0.04846177 -0.01087084 -0.08577686 -0.03878671 -0.13977228
  0.0356435  -0.05844802  0.10592774  0.00184808 -0.0532338  -0.04830648
 -0.04391694 -0.07989781  0.05284613 -0.05616748 -0.07660427 -0.05645531
  0.10234685  0.06922014 -0.01016458 -0.05174938  0.18774468  0.09376236
 -0.00247142  0.00401108  0.08849099 -0.15318564 -0.04582189 -0.03056177
  0.02463346  0.08745679 -0.11999099  0.02283102  0.05499395 -0.0275794
 -0.04977068  0.00302799  0.01012621  0.03823131  0.0359282  -0.02011916
 -0.07837763  0.00655374  0.04569763 -0.0620564  -0.04218832  0.1083523
 -0.11432201 -0.01625058 -0.02877862  0.11609789 -0.1036282  -0.0108785 ]"
may,"[-1.71877779e-02  6.37737736e-02 -7.24886507e-02  2.76109159e-01
 -1.15204379e-01 -2.62168180e-02 -6.31851107e-02 -7.24135414e-02
  1.29062533e-01 -1.54186517e-01  1.42479166e-02 -4.03165966e-02
 -5.98080754e-02  1.23636238e-03 -1.19391553e-01  9.18806791e-02
 -1.15360022e-02  2.83095874e-02  4.47692908e-02  7.19807595e-02
  6.68919086e-03  4.70170751e-04  1.25985682e-01  1.01832673e-03
 -1.79607421e-01 -6.92254156e-02  6.44924119e-02 -8.61866027e-02
 -4.27945331e-03  1.08378544e-01  1.80792063e-02 -1.49587281e-02
  7.21762143e-03  4.55038436e-02 -6.77784532e-02  4.74671684e-02
 -1.19512782e-01  1.68554112e-02 -5.14477827e-02 -2.06661765e-02
  2.18800567e-02  5.11440597e-02  4.03953120e-02  1.23789273e-02
  1.00147508e-01  1.50576055e-01 -4.52659465e-03 -7.89565220e-02
  1.12812586e-01 -7.67159536e-02 -9.17160511e-02  1.79315023e-02
 -6.03096858e-02 -8.22596177e-02  7.87017867e-02  1.14771590e-01
 -6.50025159e-02 -8.92555714e-03 -1.66724548e-01  7.61550516e-02
 -1.22892611e-01  2.48522758e-02 -3.15921158e-02 -5.47123179e-02
 -1.67469382e-01  1.86266564e-03  1.09501496e-01 -9.54167023e-02
  9.27755237e-02 -1.12577528e-01 -1.51629746e-01 -4.01276574e-02
  5.10936752e-02  1.17751971e-01  8.85098726e-02  6.43741414e-02
  5.32183424e-02  4.65562046e-02 -2.29084164e-01 -6.70855641e-02
 -2.33008023e-02  7.42806569e-02 -1.01123378e-01  9.05384719e-02
 -3.19997668e-02 -2.03092173e-02 -5.35342097e-03 -2.43817307e-02
  1.54187515e-01 -1.10594146e-02 -6.97442591e-02 -1.14988618e-01
  6.78812265e-02 -8.89981389e-02  7.70517439e-02 -8.19747150e-02
 -5.45082092e-02  3.53064388e-02 -3.73150036e-02 -1.29096135e-01
  1.11080781e-02 -2.07431652e-02  5.39196059e-02 -2.54364640e-01
  2.73748115e-02  3.23793516e-02 -1.66701525e-02  1.47080533e-02
  3.88364270e-02  3.80847380e-02  1.10585764e-02 -2.23838538e-02
 -2.07283963e-02 -1.92211151e-01 -1.49589390e-01 -6.38956800e-02
 -4.12129611e-02  3.16669978e-02 -2.56452803e-02  4.73256744e-02
  5.35773225e-02  5.27278706e-02  3.02616134e-03 -6.50263131e-02
 -1.01146344e-02 -3.57993469e-02 -1.20923389e-02 -9.26606879e-02
 -2.71085948e-02  1.69927943e-02  4.66621555e-02 -3.72897312e-02
 -9.79102328e-02  1.56850353e-01  1.04969099e-01  1.65511295e-01
 -2.17598200e-01 -6.41051680e-04  1.08199865e-01  7.58417919e-02
  2.14320481e-01 -2.96636969e-02  3.22576612e-02 -2.91207694e-02
  4.76542264e-02 -6.95906058e-02 -3.44506443e-01  5.82199171e-02
 -3.31056863e-02 -5.40151708e-02 -6.51636571e-02  1.39054749e-02
  8.10704157e-02  1.11490153e-01 -6.01252019e-02  8.49146098e-02
  3.91460657e-02 -6.29015937e-02  1.02221355e-01 -1.03259832e-01
  1.39286369e-01  2.29934491e-02 -2.27715105e-01  1.98681615e-02
 -6.90173581e-02  8.50375891e-02 -5.55538088e-02  1.77492760e-02
 -4.35406826e-02 -2.79071610e-02  9.00745392e-02  5.12782447e-02
  1.12553395e-01 -5.31927571e-02  6.05385974e-02 -1.16659515e-02
 -1.38826936e-01 -1.93356752e-01 -1.04345784e-01 -7.24340305e-02
 -7.25749731e-02 -9.26716626e-03 -1.90512724e-02 -2.98653990e-02
  2.52183154e-02 -6.87675700e-02  4.84434776e-02  7.67759979e-02
  5.95155209e-02 -7.61537179e-02  3.92395370e-02 -4.49027587e-03
 -1.71428919e-02  2.18136143e-02  3.36442068e-02  1.37107670e-01
  8.77117068e-02  6.21359684e-02  1.95454434e-02  5.54736853e-02
 -1.10713340e-01 -1.35423094e-02  1.62522215e-02  6.60307053e-03
 -3.75864729e-02 -2.64540967e-02 -1.46180093e-01 -2.54043285e-02
  5.83720487e-03  4.91529182e-02 -8.88688713e-02  8.37423280e-03
  5.91174290e-02 -5.18926270e-02  1.34570062e-01  5.98815270e-03
  3.36094946e-03 -1.57353226e-02  2.69807763e-02 -3.55897844e-03
  1.19036809e-02  1.23232855e-02  1.37231216e-01  1.53771088e-01
 -1.27390951e-01  8.67436230e-02  1.40932590e-01  2.95658968e-02
  8.59296322e-02  3.99004743e-02 -4.65412065e-02  1.47581957e-02
  1.38876028e-03 -2.28513181e-02  9.72443670e-02 -2.13738620e-01
  5.15797455e-03 -1.95742697e-02  6.35066256e-03  3.12551819e-02
 -5.65201603e-02 -1.35483295e-02 -5.63283116e-02 -2.83175647e-01
  4.89760607e-01 -4.54551019e-02 -1.25880167e-02  1.54274814e-02
  2.81393230e-02  1.20993435e-01 -8.93200934e-03  1.51047558e-01
  2.05708310e-01 -7.05664307e-02 -6.48786277e-02 -3.00312676e-02
 -1.63422510e-01 -1.58316776e-01  1.70584768e-03  1.40096173e-02
 -2.03907788e-02  2.93739021e-01 -1.13500699e-01  6.29207343e-02
 -1.96875796e-01  1.52708944e-02 -3.46959606e-02  6.83588758e-02
  1.18879564e-01 -6.72941208e-02 -1.03592873e-01 -1.72556937e-01
 -1.04292408e-01  5.95970228e-02  7.05667958e-03  8.14978704e-02
 -5.24446070e-02  1.95701212e-01 -1.39169380e-01  6.46710247e-02
 -9.83781517e-02  7.35790357e-02 -3.49610656e-01 -4.62730862e-02
 -1.01918526e-01 -9.32981893e-02  5.66176251e-02 -1.80927962e-01
 -9.55970734e-02 -1.56810641e-01  7.53075629e-02 -8.10889155e-03
 -7.35199377e-02  1.02056311e-02  1.60242487e-02  2.18420965e-03
 -1.20663252e-02 -1.24866217e-01 -6.62861466e-02 -1.41686937e-02]"
of,"[-7.30382380e-05 -1.87740743e-01 -7.10511580e-02 -4.63248938e-01
  1.97825037e-04  1.15067465e-02 -5.87701574e-02  5.74239381e-02
 -2.75233891e-02 -3.55518865e-03 -9.79289040e-03 -4.13953252e-02
  9.34765041e-02  5.40728867e-02 -1.95948705e-01 -2.90949136e-01
 -6.32413030e-02  4.65804078e-02 -1.60158146e-02  3.07546612e-02
 -6.79188743e-02  9.26861614e-02 -1.35690728e-02 -1.42740551e-02
 -2.46482164e-01 -1.22125186e-01 -3.05554345e-02 -1.95406396e-02
 -2.38762293e-02  1.93854049e-01  8.57068151e-02 -2.31399778e-02
  1.14564165e-01 -1.66886821e-01 -5.63968197e-02 -6.96548223e-02
  4.15606499e-01  9.69755277e-02 -3.81807163e-02 -5.39762639e-02
 -3.26929875e-02  1.03521354e-01  1.47581756e-01 -2.86096931e-02
 -9.77313370e-02 -5.86127758e-01 -3.48279327e-02 -1.59637228e-01
  3.68049592e-02  3.49805653e-02 -1.27437770e-01 -7.66397938e-02
 -2.18740270e-01 -1.01970911e-01  2.92141438e-02 -6.10992014e-02
 -1.24755867e-01 -1.22579731e-01 -1.56079784e-01  2.56833970e-03
 -5.67350313e-02 -1.28030172e-02  1.99158583e-02 -2.05756351e-01
  1.72043219e-02 -1.66682701e-03  8.16274211e-02  1.22836893e-02
  3.71135063e-02  3.52139063e-02  6.31701112e-01  1.00954436e-01
  8.41949955e-02  3.39213274e-02  1.73770227e-02 -1.58961833e-01
 -2.35611722e-02  6.46490278e-03  4.38387424e-01 -1.32624954e-01
  8.37737992e-02 -2.16342732e-02 -1.25222765e-02 -2.92434264e-03
  1.59191534e-01  2.48037595e-02  3.08703005e-01 -7.34057009e-01
 -1.60396472e-01  1.80911541e-01 -7.47114792e-02  4.14864073e-04
  3.39603163e-02 -6.28686100e-02  2.52108127e-01 -1.31467924e-01
 -1.09155089e-01 -8.67599323e-02 -1.97115224e-02  1.30912550e-02
  1.24607928e-01  2.71593928e-02  1.88124981e-02 -2.14965805e-01
  2.08778344e-02  3.77883539e-02 -9.20707732e-03  3.90627682e-02
  8.25934708e-02 -1.69331413e-02 -8.92911553e-02  1.23340905e-01
 -3.41719501e-02  5.11162579e-01  2.78215352e-02  3.69266048e-02
  1.82278473e-02  3.90372537e-02  2.22400259e-02 -4.40405533e-02
  5.04455268e-02 -1.30530387e-01 -3.22235562e-02 -3.99012342e-02
  3.64355333e-02 -5.99798514e-03 -3.63269597e-02  1.90682501e-01
 -4.93384227e-02  4.92417812e-01  2.77912449e-02 -1.25963204e-02
  1.37719691e-01  1.61972001e-01  7.77330846e-02  4.87653613e-02
  3.07407051e-01 -6.98928908e-02  5.11439294e-02 -8.22995082e-02
 -8.68812874e-02 -8.85429680e-02 -4.93011111e-03  6.23199977e-02
  3.40234458e-01 -1.00982592e-01 -7.79309630e-01  5.48447147e-02
 -3.63863781e-02 -2.55247448e-02 -2.53706813e-01  1.28472015e-01
  2.46268660e-01  9.76027772e-02  1.78576186e-02  7.56514072e-02
  3.20936114e-01 -2.61921078e-01  3.36315595e-02  7.67303705e-02
  2.96338573e-02 -6.75899163e-02  2.08014444e-01  2.27198452e-02
  6.91538677e-02  4.41957004e-02  3.38425376e-02  1.34927481e-01
 -1.71968620e-02 -1.37605608e-01 -5.30044921e-02  7.43048033e-03
  1.08919643e-01  8.92570300e-04 -3.55801061e-02  1.07516227e-02
  2.09417548e-02  9.31788832e-02  3.90991941e-03  3.93029340e-02
  1.38047012e-02  2.37522557e-01 -1.51181310e-01  9.35490355e-02
 -1.48893101e-02  2.44062141e-01  1.91034421e-01 -1.63834080e-01
  3.37959989e-03  4.11642715e-02  5.53207360e-02  5.55255413e-02
 -8.28945041e-02  5.16218096e-02  5.80039658e-02 -1.15348287e-02
 -2.49544289e-02 -6.60669804e-03  5.91948330e-02  2.41077021e-02
 -3.89542691e-02  6.11213744e-01  6.01309799e-02 -8.30631424e-03
  4.57386784e-02  6.16164394e-02  4.75789979e-03  8.11689720e-02
  4.95245978e-02  1.82605937e-01 -1.63617492e-01  6.85007051e-02
 -1.53611615e-01 -5.09980991e-02 -7.51159862e-02 -8.24075006e-03
  1.43674046e-01 -2.50926167e-02  8.97436589e-02  2.57903725e-01
 -3.54933813e-02  8.80682021e-02 -1.66154616e-02 -2.61547267e-01
 -7.73989260e-02  2.63931990e-01  4.25701141e-02  1.12680001e-02
  2.79539265e-02  2.70130001e-02  2.29921713e-02  1.02438824e-02
 -1.12749100e-01 -4.35500517e-02  8.65946114e-02 -2.20675934e-02
  2.77056806e-02 -2.63378829e-01 -6.95262253e-02  4.43949662e-02
  4.19149436e-02  2.17246622e-01 -1.48225620e-01  1.24508431e-02
  1.46082020e+00 -2.53107697e-02  6.81316853e-02  8.65961239e-02
 -3.64181437e-02  1.11729383e-01 -1.59335494e-01  7.09477514e-02
  9.79608595e-02 -3.94622162e-02  6.45891055e-02 -1.87569931e-01
  7.16252625e-03  4.66927793e-03 -3.35466981e-01  2.11599562e-02
 -1.10782112e-03 -1.40570313e-01 -9.45638046e-02 -4.12346125e-02
  2.24060625e-01  6.59214184e-02  3.79381664e-02 -7.36672655e-02
  1.54076830e-01 -3.53170969e-02 -9.39751882e-03 -4.70478125e-02
  1.62385583e-01 -2.47430414e-01  1.69531062e-01 -1.70539990e-01
  3.02231699e-01 -4.61761355e-01  1.02939457e-01  1.89519420e-01
  9.97667164e-02  1.24007221e-02 -1.22170791e-01 -8.36916640e-02
  7.31883645e-02 -5.51803634e-02  5.44791892e-02  1.12341732e-01
 -2.09466107e-02  6.68232068e-02 -4.61496502e-01 -3.26005463e-03
 -1.10302113e-01  2.09505782e-01 -1.29082173e-01 -2.53291782e-02
 -1.29853506e-04  2.84640547e-02 -1.38433352e-01  1.80539750e-02]"
a,"[ 8.76430497e-02 -4.95901257e-01 -4.98549901e-02 -9.36543941e-02
 -4.71785031e-02 -2.11177282e-02  2.62369424e-01  2.68894006e-02
 -8.99599344e-02 -3.62613872e-02 -3.06233149e-02 -1.42358216e-02
  3.36792916e-02  1.00069314e-01 -1.52319416e-01  6.26204073e-01
 -1.14860255e-02 -6.25639129e-03  1.06048200e-03  1.25396438e-02
 -5.91684990e-02  7.87767395e-02 -1.49582410e-02 -9.53860804e-02
  2.72570481e-03  7.64875859e-03 -1.22636585e-02 -3.74951703e-03
  2.15420802e-03  2.06564099e-01  5.83545044e-02  1.85794700e-02
  6.07995987e-02 -2.22955495e-01  3.79113592e-02 -4.35742363e-02
  2.92977244e-02 -3.73193860e-01  1.71046868e-01 -3.10748327e-03
 -1.17594808e-01  8.88987854e-02 -1.07412525e-02  2.88837068e-02
  1.13500543e-01  3.17544729e-01 -3.60403284e-02  1.17753275e-01
 -3.17023089e-03 -2.86108255e-02  8.26511681e-02  2.94142589e-02
 -1.30094022e-01 -6.16917796e-02 -1.88031718e-02  1.00972004e-01
 -3.82343531e-02 -2.41204873e-01 -2.21829221e-01 -6.45589903e-02
 -4.14221920e-02 -5.42451851e-02  3.12434901e-02 -4.29025412e-01
 -1.14288770e-01 -1.29481882e-01 -4.13713753e-02 -6.02334328e-02
  7.98459128e-02 -5.76001927e-02 -2.06730776e-02  6.54226467e-02
 -5.77171845e-03 -9.01455283e-02 -7.13109076e-02 -9.66306552e-02
  1.08180687e-01  7.01288059e-02  4.56835210e-01  2.63075121e-02
 -1.04353847e-02 -2.06965748e-02 -2.87845824e-03  1.84909049e-02
  4.61392611e-01 -3.57443616e-02  1.84809953e-01  6.03541248e-02
  9.82446149e-02 -1.65912911e-01 -4.96028848e-02 -1.04872897e-01
  5.58493175e-02 -6.04213290e-02 -2.72438347e-01  2.92575896e-01
 -1.99159861e-01  4.74691018e-03 -6.12737983e-02 -1.96862090e-02
  2.97265686e-02  1.30099848e-01  7.86904246e-02 -8.72923713e-03
 -2.37677395e-02  1.29627854e-01  7.34796049e-03  4.85093780e-02
 -5.56210615e-02  3.08998786e-02 -8.00938681e-02  6.39519766e-02
 -6.63190186e-02 -1.78963035e-01  6.27012132e-03 -7.16515034e-02
 -4.22475338e-02  1.43739119e-01 -9.22784507e-02 -3.28942835e-02
  8.37495327e-02  8.47365260e-02  4.79245931e-02 -1.59002207e-02
 -1.97518002e-02 -4.54703122e-02  5.65716326e-02  3.17089200e-01
 -1.31856594e-02 -2.06937501e-03 -2.97444966e-03 -1.05490439e-01
  2.17277482e-01  3.91699344e-01 -6.00521173e-03  8.92396737e-03
 -1.01479053e-01  8.67112204e-02  1.59891605e-01 -5.67181222e-02
  5.66474870e-02 -2.21801884e-02  3.42665538e-02  7.22490326e-02
 -1.13479607e-01 -5.44489874e-03 -8.17718029e-01  4.56643067e-02
 -3.86820138e-02  4.25314084e-02 -1.03230155e+00  1.32452901e-02
 -4.21341985e-01  1.02214344e-01 -3.28527465e-02 -3.37130055e-02
  1.71458855e-01 -3.71840328e-01  1.54459961e-02  1.21584997e-01
  9.59190503e-02 -5.52484877e-02  3.98953795e-01  2.65195202e-02
  1.39250413e-01 -9.12110507e-02  6.70790449e-02  5.72977960e-02
 -5.25122695e-02 -7.10708648e-02  1.53862331e-02 -7.03162625e-02
  8.94516632e-02 -1.35852203e-01 -4.60183062e-02 -4.56017107e-02
  3.66077796e-02 -2.84924880e-02  5.83682135e-02  4.79124449e-02
  9.16231051e-02  3.06885183e-01 -1.59977421e-01  5.81420586e-02
 -4.54902686e-02  1.88103706e-01  2.71478683e-01 -4.31544036e-02
 -3.44783328e-02 -1.80419479e-02 -1.38911121e-02 -3.43669504e-02
  1.95958152e-01 -2.79039647e-02  7.60828555e-02  8.38868879e-03
 -9.15248245e-02 -2.09267978e-02  4.56844307e-02 -2.60028839e-01
 -4.03607525e-02  1.28056741e+00  4.50963080e-02  1.35531398e-02
  8.85350257e-02  4.09261435e-02  2.78161079e-01 -7.24426284e-02
  8.91672540e-03 -2.27095187e-01 -1.38941675e-01 -3.32493708e-02
 -3.22664499e-01  1.17077241e-02 -5.45369275e-02  1.09505223e-03
  8.16274136e-02  4.98539694e-02  1.13967046e-01  2.57307500e-01
  5.16266525e-02  6.77008405e-02  4.71878052e-02  7.12288022e-02
  8.10959935e-02 -1.53060287e-01  2.43543312e-02 -5.45370765e-02
  1.76859424e-02  1.32580865e-02 -3.22157368e-02  8.93832669e-02
 -3.33564319e-02 -1.12756640e-01 -2.28118431e-02  2.81739116e-01
 -1.83502417e-02 -1.21264150e-02 -1.43949911e-01  2.45199427e-02
  5.86200766e-02  9.80284214e-02  9.07348022e-02 -5.81663735e-02
  1.25553226e+00 -1.31058156e-01 -5.50335795e-02  1.61026046e-01
 -1.87833667e-01  1.14999730e-02  1.37440639e-03  1.75884888e-01
  2.45381407e-02 -1.35366350e-01 -2.81629767e-02  1.12836868e-01
 -9.06693488e-02  4.86773662e-02 -1.19444780e-01  1.44413814e-01
 -1.51080191e-01  1.00914277e-02 -5.33262119e-02 -1.37358859e-01
 -2.65511982e-02  4.76534888e-02  1.11864671e-01 -1.75518036e-01
  7.67562911e-02 -3.50671053e-01 -1.94147646e-01 -8.94249380e-02
  1.25020385e-01  2.22537473e-01 -7.88376853e-02 -2.03046307e-01
 -1.96974337e-01  8.17229748e-02  1.29304275e-01 -1.87542781e-01
  1.12523675e-01  5.37648164e-02 -2.71396339e-01 -1.38359338e-01
  4.43406291e-02 -5.89690804e-02 -3.72895636e-02 -4.73684110e-02
 -8.47380608e-02  5.44854924e-02  4.28692818e-01  1.40281066e-01
 -1.60823688e-01  1.40864670e-01  1.09010907e-02 -6.16071746e-03
 -2.41914149e-02  5.34850955e-01 -5.58103584e-02 -1.65984333e-02]"
cause,"[-2.43446492e-02 -5.80292493e-02  2.51445286e-02  5.59117571e-02
 -2.34826151e-02 -7.58854300e-02  3.48383114e-02  2.38825120e-02
  9.98842530e-03 -3.75586823e-02 -5.03572449e-03 -1.52648182e-03
 -1.17356121e-03  5.03264833e-03 -3.70487571e-04  1.60574764e-02
  3.29117104e-02  1.81948766e-02 -4.35393751e-02  5.84805235e-02
  3.70943323e-02 -6.07450306e-02  4.05652151e-02 -9.83098969e-02
 -1.48651481e-01 -3.20031494e-02 -6.71946406e-02 -7.62009472e-02
  7.45516829e-03  2.06196662e-02  4.57706116e-02  3.49453185e-03
 -1.19195782e-01 -6.40086904e-02  2.48443577e-02 -3.57557461e-02
 -1.09581351e-02 -4.66765612e-02  1.05439657e-02 -4.75032665e-02
  3.51576209e-02 -8.16185698e-02  3.17409933e-02 -3.53941210e-02
 -3.32569741e-02  6.10344075e-02 -1.34601183e-02 -1.30996481e-02
  7.99177215e-05 -1.00802106e-03  3.64443213e-02  1.15690650e-02
  2.52776165e-02 -1.65056549e-02 -1.10684643e-02 -9.47932247e-04
  5.79986647e-02  1.92805193e-04 -9.32886973e-02 -2.95759756e-02
  6.46917373e-02 -2.18585208e-02 -8.06167722e-02 -1.51203033e-02
  6.84687030e-03  3.32339481e-02  5.37153450e-04  4.68123928e-02
 -1.92387998e-02 -3.53007913e-02 -6.87327236e-04 -4.82566021e-02
  3.11034471e-02  1.26582487e-02  7.74611905e-02 -4.32826430e-02
 -4.94835060e-03  4.29689810e-02 -1.82718821e-02  4.20541205e-02
 -2.98945121e-02  1.16341030e-02 -5.65965027e-02  8.00724924e-02
 -1.26924664e-02 -3.79033163e-02  9.53431129e-02 -6.12769127e-02
  5.13187908e-02  1.99231841e-02  1.52365491e-02  1.64299943e-02
  3.67687531e-02 -4.52839062e-02 -1.73837803e-02 -1.40769370e-02
  2.82814167e-02  2.76993811e-02  3.84791270e-02 -3.29325311e-02
 -4.57521938e-02  1.66790374e-03  3.43182720e-02 -6.95551783e-02
 -3.42414267e-02  3.09732612e-02 -4.08281796e-02 -3.16913277e-02
 -3.05612050e-02 -3.46582457e-02 -6.13945350e-02 -5.06674498e-02
  7.11540580e-02  2.30918359e-02 -5.73901273e-02 -2.52984241e-02
  2.47605406e-02 -2.25562621e-02 -4.60602827e-02 -8.73649400e-03
  1.15806155e-01 -3.97787578e-02  2.27038674e-02  6.20494150e-02
 -2.49905884e-02  1.15077104e-02 -5.25579788e-04  8.51235725e-03
 -5.98942116e-02  1.47333462e-02  4.61109541e-02 -3.58369537e-02
 -2.31139120e-02  1.25692189e-01  4.45480645e-02  8.38178843e-02
 -2.20307745e-02  1.78228989e-02  5.85633181e-02  1.32816527e-02
 -1.09048970e-02 -4.74815406e-02  8.89043324e-03  2.96260994e-02
  1.25468969e-02 -3.16862240e-02 -9.81017873e-02  4.83193025e-02
 -5.79569861e-03 -8.40099752e-02 -6.49574846e-02  1.90661252e-02
  2.53437608e-02  4.09101732e-02 -5.79008423e-02 -3.45842028e-03
  3.41075920e-02  2.38853693e-02  4.16679382e-02 -6.93048462e-02
  2.34213285e-03  6.81769475e-03  3.52519676e-02 -3.65087427e-02
 -4.94006835e-02  6.69649690e-02 -5.37419319e-02  5.16843796e-02
  3.42909396e-02  6.47594333e-02 -1.04125366e-02 -1.76089257e-02
  3.70784895e-04  2.95661595e-02  1.25197887e-01 -9.88588389e-03
  5.54204825e-03  1.98403969e-02 -3.89861502e-02 -6.77216798e-02
 -2.39037629e-03 -6.23358674e-02 -7.09858462e-02 -7.48420805e-02
  4.29459848e-02  6.17346652e-02 -4.15355489e-02  1.09378360e-01
  3.56848165e-02 -1.51525870e-01  2.14081481e-02  6.66240305e-02
 -3.13863978e-02 -7.88229853e-02  6.71779662e-02  1.11940920e-01
 -7.41970353e-03  9.88546610e-02 -1.45332888e-06  3.83762270e-03
 -9.13515687e-05  8.12376738e-02 -5.43956980e-02  2.51532421e-02
 -1.23762358e-02  6.89402074e-02 -1.00002691e-01 -4.57281284e-02
 -1.23447090e-01  3.52523588e-02 -1.32315710e-01  3.00059300e-02
 -2.33349800e-02 -1.30101204e-01  9.75070074e-02 -3.46395820e-02
 -5.59654720e-02 -6.91156881e-03  5.97549118e-02  1.15144830e-02
  1.04154222e-01 -5.25201559e-02 -3.12443171e-02  7.60561153e-02
 -1.47348028e-02  6.50900081e-02  1.12801427e-02  2.30454933e-02
  1.08903132e-01 -9.57441479e-02 -4.01697084e-02  1.37186833e-02
  3.80218104e-02 -4.05764990e-02  4.52553928e-02 -3.87493558e-02
  2.70178895e-02  1.18211247e-02 -5.36203794e-02 -5.44422772e-04
 -2.70804279e-02  6.59270883e-02 -9.98544022e-02 -1.17694885e-01
  1.80748954e-01  3.75647917e-02 -2.58937739e-02  4.77979966e-02
  2.39018276e-02  5.40418923e-03 -2.09358335e-03  4.30388637e-02
  6.10982105e-02  6.07987419e-02  3.97141092e-03  2.32971516e-02
 -6.01087734e-02  2.19641277e-03 -6.28981590e-02 -4.43474948e-02
 -1.88207291e-02 -5.58017939e-03 -3.51779461e-02  3.39267738e-02
  6.67743832e-02 -7.67487809e-02 -1.02822660e-02  7.08980206e-03
  7.48213083e-02 -2.32010968e-02 -9.85256508e-02 -9.42400694e-02
 -4.04799283e-02 -5.31148911e-02 -2.77318340e-02  1.47228688e-03
 -5.85858673e-02  8.29906315e-02  1.12351067e-02  1.55923888e-01
 -2.83359885e-02  2.85054855e-02 -6.74404129e-02  3.85160819e-02
 -5.23187034e-02  2.44976990e-02 -7.38306437e-03 -8.11119825e-02
 -4.11643982e-02 -6.43153489e-02  6.77296072e-02  3.54571380e-02
 -5.35063446e-02  6.54350221e-02 -2.62615215e-02  1.42416479e-02
  1.06269410e-02  3.82459201e-02  2.94480547e-02  3.39583345e-02]"
i,"[ 0.00303139 -0.1436925  -0.16985153  0.01111542  0.14342606  0.0318082
 -0.5289865   0.24159893  0.02804342  0.0559252  -0.06980678 -0.16374879
  0.15275273 -0.08767802  0.1429204   0.24082156  0.22384848  0.16194552
 -0.21627617  0.1942353   0.00337156  0.07490054 -0.03433147 -0.34759766
  0.00349048  0.01312505 -0.171424    0.08805972 -0.07149124  0.90270096
 -0.00106549 -0.24895838 -0.13093734  0.14442903 -0.09991772 -0.3077966
  0.1703756   0.03321908  0.05505723 -0.15086178 -0.0682335   0.02326922
 -0.04613795 -0.09539416  0.36605558  0.2044875   0.11583808  0.34785554
 -0.5523606   0.1592004   0.16017276 -0.2094471   0.17299628  0.07099182
 -0.16337468  0.02062926  0.01625091  0.14443113 -0.32449657 -0.11935276
  0.07403437  0.1355489   0.04031701 -0.14085351 -0.12695652  0.06686505
  0.07500857 -0.08103502 -0.03498736 -0.21815056  0.06949428 -0.10554589
 -0.13442613 -0.22068518 -0.07036199  0.03540554 -0.17545845 -0.19370937
 -0.3057244   0.1246665  -0.28865457  0.14187953  0.25503892  0.23593484
 -0.06335774  0.01156977 -0.25436738 -0.04978181 -0.03576273 -0.05868386
 -0.22531757 -0.07431833  0.42708918 -0.23658034  0.09845318 -0.2477295
  0.01051659  0.14277011  0.00315036 -0.06912123  0.14784662 -0.01351356
  0.07560334 -0.4840665   0.59013134  0.04776408  0.16025871 -0.12505321
 -0.09311353  0.04567425  0.20094186 -0.21367559 -0.07761741  0.20412762
  0.22178964  0.26213136  0.581532    0.03511776 -0.2547736   0.09555387
  0.19552459 -0.03388317  0.01054179 -0.16421247  0.0052669  -0.00889352
  0.05729544 -0.03788819 -0.32383534 -0.01271922  0.09063529 -0.04509094
  0.09523446 -0.1426029   0.21425545 -0.02293021 -0.5423375   0.12140654
 -0.19797799  0.15455353  0.09800103  0.19437435 -0.06433149  0.12671573
  0.28466323  0.08955847 -0.6948116  -0.00660869 -0.04246749  0.25207758
  0.0643424  -0.28727573 -0.02948094  0.13347316 -0.01602557 -0.01155905
  0.15135321  0.0815091   0.02370531 -0.25381482  0.0232668   0.19837566
  0.06139453 -0.52178496  0.48928297 -0.0674438   0.1052294  -0.12828071
 -0.10980345  0.16965644 -0.26787204 -0.07847316 -0.4012411   0.06259324
 -0.04078276 -0.1798802   0.12956452 -0.16925296  0.03000667 -0.05026501
  0.05124406  0.39343056  0.04555235  0.25727186  0.22103147  0.31906784
  0.34174648 -0.06181511  0.02188942  0.01342886 -0.1006402   0.3039709
  0.05840571 -0.6551157   0.16101673 -0.14404966 -0.09706306 -0.24262844
  0.19299829  0.14613871 -0.2367895  -0.11991645 -0.01728932 -0.22451532
 -0.04294411  0.24092926  0.18942188 -0.12131179  0.12100209 -0.05428848
  0.07336573 -0.25304505 -0.27677092  0.08866847  0.03254836  0.00702249
  0.03645727  0.3226531   0.2336126  -0.00490416 -0.02029773  0.0275247
 -0.08731237  0.03315865 -0.28996083 -0.2744849  -0.31900233 -0.24532944
 -0.1148469  -0.06737444 -0.01672833  0.27192876 -0.00577324 -0.07909186
  0.36941877 -0.10228064  0.04126423  0.07100102  0.00385928  0.20831384
  0.2452333  -0.23000185  0.04566726 -0.04663315  1.022953    0.17396165
 -0.3237536   0.14500935  0.02272255  0.27179623  0.23506173  0.00490216
 -0.29948497  0.35977322  0.12504554  0.06925189  0.2703708   0.08983502
 -0.00468504  0.13833883 -0.04880865  0.26323497 -0.02638495 -0.04718208
 -0.06376778 -0.11506176 -0.394508    0.0448973  -0.23492534 -0.33790743
  0.07673638 -0.34055197 -0.02886493  0.05837194  0.16138975 -0.04419724
  0.00405518  0.1571937   0.07731296 -0.04917311 -0.08865487 -0.04145378
 -0.81286365 -0.0353918   0.05723809  0.43074462  0.0279853  -1.0384262
  0.09837104 -0.07990697  0.14261922 -0.18836153 -0.6222701   0.01526919
 -0.01939119  0.11639389  0.18154317  0.56368893 -0.44560635 -0.26057786]"
tell,"[ 2.02265638e-03  4.97524254e-02  2.71599144e-02  6.51359782e-02
 -9.23181027e-02 -2.06830986e-02 -3.41038518e-02 -4.72055674e-02
  1.00454204e-01 -4.24342304e-02 -2.82363351e-02 -1.60654762e-03
 -7.78315961e-02  4.27760296e-02 -1.10971741e-02  4.48287055e-02
  4.63032722e-03  7.54255219e-04 -9.93398875e-02  1.13245845e-01
  3.55370119e-02 -3.60243395e-02  1.51504856e-02 -6.22353703e-02
 -1.56103835e-01 -3.78489457e-02 -6.68596197e-03  3.32859084e-02
 -6.63988292e-02  5.54930121e-02 -1.15375325e-01  4.62208316e-02
 -3.21593434e-02  4.93985950e-04 -2.06987793e-03  6.88205510e-02
 -6.69930726e-02 -1.79429859e-04 -8.83654281e-02  1.96862742e-02
  5.33655137e-02  1.65335834e-03 -5.24306111e-02  1.58960685e-01
  8.19726735e-02  5.73680848e-02  3.66184041e-02  8.57901201e-02
  4.38763276e-02  2.92403012e-04  6.35949429e-03 -2.82163545e-02
  4.78531094e-03 -2.06738599e-02 -2.94491909e-02  1.43607089e-03
 -6.65101632e-02  1.10591844e-01 -1.32762343e-01 -5.63913099e-02
  4.61715870e-02  2.34798919e-02 -5.27473837e-02  5.54349646e-02
  2.23842040e-02  7.49713695e-03  1.30225299e-02  1.17339000e-01
  2.53788233e-02  9.14147962e-03 -9.41684842e-02  5.16838804e-02
 -1.38321593e-02 -5.94609678e-02 -3.87489572e-02 -8.52005482e-02
  1.10691041e-03 -5.40631544e-03 -8.53107125e-03  4.50623631e-02
 -7.12630749e-02 -2.43362244e-02 -9.73472446e-02  1.23147648e-02
 -4.17665765e-02 -5.12355939e-02 -7.53866881e-03  1.81460440e-01
  1.19435303e-01 -2.74113249e-02 -8.20294768e-02  1.88767239e-02
  1.77202135e-01 -9.79717597e-02  1.00360531e-02  9.91423949e-05
 -4.67856368e-03  4.37996052e-02  3.59693840e-02  1.14188492e-01
  3.24525274e-02  3.90196741e-02  3.89543921e-02 -1.65350676e-01
 -1.73195116e-02 -6.13363907e-02  4.71698605e-02  6.04268536e-03
 -7.86753837e-03  4.21676748e-02 -9.64667555e-03  1.58880576e-02
 -8.94718152e-03  6.42158613e-02  8.48342329e-02 -2.37206407e-02
 -1.12081729e-01 -1.19968876e-02 -2.38809194e-02  3.05685904e-02
 -5.52284718e-02  7.06110671e-02  9.32926238e-02 -3.34606282e-02
  2.78371051e-02  6.67872131e-02  1.37799708e-02 -9.36266184e-02
  1.27138104e-02  9.69330296e-02  1.77492183e-02 -2.60361712e-02
  1.37297157e-02  8.67467970e-02  9.17387828e-02 -6.30891845e-02
 -1.50026888e-01 -2.79990546e-02 -7.85802603e-02 -5.57306968e-02
 -2.10045259e-02  4.05808277e-02 -5.95931187e-02 -7.52174179e-04
  2.12628454e-01  8.68038535e-02 -1.38707429e-01 -2.19148695e-02
 -8.79099965e-02 -4.87601664e-03 -9.45766270e-02  5.39653711e-02
 -1.63707267e-02 -3.09272464e-02  5.13444543e-02 -6.25634789e-02
  3.72784659e-02  3.87351066e-02  5.29948287e-02  1.82949379e-03
 -1.25945285e-01 -7.09153414e-02 -5.88833801e-02 -5.53689860e-02
  3.56319509e-02 -6.83005974e-02  3.78685445e-03  6.74421107e-03
  1.24019563e-01  6.56602159e-02 -3.20001915e-02 -1.41785722e-02
 -2.13384740e-02  2.55946778e-02 -2.54833065e-02 -1.04667217e-01
 -8.21311679e-03  9.87108611e-03  3.28354537e-02 -3.06063555e-02
  3.13439630e-02  5.67982607e-02  4.09652144e-02 -3.35256234e-02
  1.90733536e-03  6.67154714e-02  5.78676537e-03  2.94874981e-02
  8.77593979e-02 -2.27819569e-02 -8.26108903e-02 -3.22648361e-02
 -2.76050204e-03 -6.83712065e-02 -3.96813676e-02  2.94109695e-02
 -4.95700538e-02 -2.97481418e-02  5.16708009e-02  1.03591308e-01
 -6.52760565e-02  3.74847949e-02  4.88228304e-03  2.43306961e-02
 -1.90844554e-02  1.32405562e-02 -4.20334451e-02  3.17321531e-02
  1.88362747e-02  1.14396095e-01  2.64684036e-02  2.35933717e-02
  1.19373854e-02 -1.40250213e-02 -6.51829243e-02 -3.31690572e-02
 -3.25542456e-03  4.74485271e-02  3.98191735e-02 -2.51008384e-02
 -7.09150732e-03  6.90670162e-02 -3.29948589e-02  7.71206245e-02
 -2.06870958e-02 -1.10241711e-01  2.47942396e-02 -4.97296154e-02
 -5.23731411e-02 -2.58248262e-02 -8.06826130e-02  7.59979105e-03
  2.18946245e-02  1.19227646e-02  1.80753767e-02 -1.86801836e-01
 -4.26315796e-03  6.54716045e-02  7.56317526e-02 -1.51391402e-02
  1.69811193e-02 -7.87870120e-03 -9.05349553e-02 -1.65695906e-01
  2.47014493e-01  2.19064020e-02 -8.54054242e-02  5.97846434e-02
 -1.45926010e-02 -6.32939339e-02  4.41970006e-02 -5.74162230e-02
 -1.77021176e-02 -2.04845667e-02  1.72345936e-02  5.97318374e-02
 -1.25615686e-01 -4.21187729e-02  7.08322879e-03  6.44865781e-02
 -4.90341447e-02  2.26846691e-02  5.26188165e-02  3.07910591e-02
 -6.11053519e-02 -3.44490930e-02  3.54599468e-02 -1.02910981e-01
  6.48734509e-04 -1.59368515e-01  2.76690423e-02 -3.15927267e-02
 -1.09017357e-01 -2.79038101e-02  1.12871185e-01  1.30020648e-01
  2.79506743e-02  8.55776221e-02  2.42906660e-02  1.28851250e-01
 -1.22337770e-02  5.70466444e-02 -1.44418523e-01 -8.33788961e-02
 -1.37645170e-01  4.95533366e-03  6.78408146e-02 -8.58106241e-02
 -4.13569734e-02 -9.40342546e-02  1.44666135e-01  1.17155341e-02
 -1.13955006e-01  5.54921851e-02  1.61496699e-02  1.18675698e-02
  3.00154276e-02  3.37497186e-04  2.66697779e-02  5.29284254e-02]"
bruxism,"[-7.27862865e-02 -9.12852585e-04  3.81775163e-02 -5.80180958e-02
 -3.41225043e-02 -1.09737422e-02 -2.27658972e-02  1.57894984e-01
  2.11240828e-01 -5.59058599e-02  1.04434621e-02 -1.45650804e-01
  4.45977785e-03  5.63887879e-02  7.31031969e-02 -3.32516804e-02
 -2.60958038e-02 -5.98238334e-02 -1.73073798e-01  3.34128588e-02
 -6.78485036e-02 -6.93894252e-02  9.46465060e-02 -8.34403038e-02
  8.48957687e-04  1.67685390e-01 -8.75368528e-03 -1.07134551e-01
  2.10417919e-02  3.21333528e-01  4.62566838e-02  2.52389461e-02
 -8.26648548e-02  1.04630440e-01  1.38689935e-01 -2.02600174e-02
  5.58319800e-02  4.69772816e-02 -1.43345017e-02 -5.97955808e-02
 -3.47105175e-04 -1.16631150e-01  1.81939024e-02  5.08737974e-02
 -2.25639790e-02 -8.82054120e-03  3.66836712e-02  4.70765196e-02
  3.25759202e-02  4.48411368e-02 -3.97349410e-02 -2.92245634e-02
 -3.74925286e-02  4.36082706e-02  3.81985568e-02 -4.26823907e-02
  6.49856627e-02  8.83393288e-02 -1.14580974e-01  2.62028836e-02
 -5.68005592e-02  1.02562770e-01  4.49147541e-03  1.35576865e-02
 -3.90323848e-02  4.42498401e-02 -6.87290914e-03  2.81416923e-02
  3.59032899e-02  7.88076371e-02 -3.56346369e-02 -2.65558939e-02
  1.13637894e-01  7.97480941e-02 -1.30521972e-03 -8.69809538e-02
  4.98402342e-02 -5.58304712e-02  5.21672051e-03 -2.92389542e-02
 -4.32144217e-02 -1.37995509e-02 -1.49502521e-02 -1.26905113e-01
 -4.09320295e-02 -2.29589529e-02  5.28638288e-02  1.84795018e-02
 -1.52357174e-02  1.00537315e-02  5.35329059e-02  9.60172862e-02
  5.21225780e-02 -1.67204857e-01  5.05980067e-02  1.40892519e-02
  5.31076565e-02  1.56266037e-02 -3.42240781e-02 -1.07481718e-01
  4.41865288e-02 -3.28077003e-02 -1.31403625e-01 -2.29633357e-02
 -4.72509265e-02  1.77654013e-01  4.74664383e-03 -7.87082911e-02
  5.93491048e-02 -3.42319533e-02  2.67625730e-02 -3.15844035e-03
  8.96106586e-02  2.80473083e-02 -2.27020662e-02  1.09708856e-03
  6.20079301e-02 -6.26832694e-02 -1.17594702e-02  1.40846074e-01
  1.17245398e-01  3.80651909e-03  1.86156735e-01 -2.20367000e-01
  1.08117494e-03 -1.42017111e-01 -4.30066660e-02 -3.14783603e-02
  1.02405004e-01 -2.54783891e-02  5.37946522e-02  8.20402205e-02
 -5.09697720e-02  2.48932447e-02  4.37060557e-02 -2.24917568e-02
  1.72246844e-02 -5.16844206e-02  1.64885707e-02 -5.13416678e-02
  4.06371392e-02  1.15387857e-01  1.50514990e-02  9.56839174e-02
 -3.05246618e-02 -5.95993474e-02 -1.02026060e-01 -7.08841532e-02
 -3.79981659e-02 -7.06887096e-02 -1.38644306e-02 -7.13649839e-02
  1.60218552e-02 -4.06286530e-02 -5.01745492e-02 -2.77154939e-03
  4.29378822e-02 -6.07048236e-02  4.71518040e-02 -8.64371657e-02
  7.00351596e-02 -3.82852592e-02 -2.75277533e-04 -1.18472815e-01
  9.19749886e-02 -2.78996211e-02  1.45939469e-01 -5.59243187e-02
 -1.22892432e-01  1.23820543e-01  2.36166995e-02  2.06446759e-02
  9.32817906e-03  6.36697337e-02  1.71116263e-01  4.30872850e-02
 -4.50906828e-02  3.54544967e-02  6.54922277e-02  9.71655846e-02
 -1.53575270e-02 -5.93667105e-03  7.48966932e-02 -1.13823917e-03
 -1.51552185e-01 -1.85224935e-02  1.24407765e-02  6.83439225e-02
 -3.88342589e-02 -8.60280097e-02  1.07971452e-01  9.49627440e-03
 -5.40900901e-02 -5.66792712e-02  1.58188477e-01  1.87973112e-01
  1.06288485e-01  9.08127055e-02 -1.10787880e-02  1.02319149e-02
 -2.18120739e-02  1.64811537e-02 -6.52020946e-02  7.41121322e-02
 -4.85528521e-02 -7.37085417e-02 -3.16988188e-03 -7.87049066e-03
 -4.76236865e-02 -8.95843655e-02 -5.30636013e-02  1.73836760e-02
  1.10018626e-02  1.17779244e-03 -4.65891808e-02 -2.63195559e-02
  3.69728841e-02  9.90120471e-02 -5.88640273e-02 -4.43246365e-02
  6.42293394e-02 -5.64090814e-03 -4.56477217e-02 -3.90060842e-02
 -1.29572302e-01  1.50183504e-02  1.68631583e-01  1.85850009e-01
  5.88321052e-02 -8.70089978e-02 -8.86337757e-02  5.59607670e-02
  3.52922603e-02 -4.92336005e-02 -8.93885195e-02 -1.20272767e-02
 -7.30651524e-03  5.46809994e-02 -6.64798766e-02  6.70855260e-03
  3.52999046e-02  1.88094506e-03 -1.24351792e-01 -2.58002244e-02
  5.07147424e-02  6.49319291e-02  6.22811690e-02  7.80273229e-02
 -4.49603610e-02  1.53229414e-02  6.29461706e-02  4.59020250e-02
  8.22737068e-02 -2.67379340e-02 -1.60979107e-01  1.36340424e-01
  6.93294359e-03  1.00553811e-01 -1.23303570e-02 -2.69347942e-03
 -7.30700269e-02 -6.62415754e-03 -6.70052320e-03 -6.27932250e-02
  1.19980592e-02 -9.57581922e-02 -2.00311899e-01  9.73748192e-02
  2.02678274e-02  3.50192785e-02 -6.74921274e-02  1.21157750e-01
 -3.14707272e-02 -3.70853096e-02  2.04131790e-02 -1.79243498e-02
 -4.92189601e-02 -2.15161927e-02 -4.99348938e-02  1.75770670e-02
 -4.26665470e-02  1.68676406e-01  1.13962246e-02 -7.77336862e-03
  1.03570027e-02 -1.13946810e-01  1.20084211e-01  5.69287967e-03
  1.46173477e-01 -1.46689147e-01 -4.24333215e-02  7.79234692e-02
 -6.77744299e-03 -6.13555387e-02 -9.09092650e-02 -1.11424640e-01
  2.18354817e-02  1.04405642e-01 -2.20439494e-01 -6.46928623e-02]"
is,"[-9.77605209e-02 -2.08273634e-01 -1.03723884e-01 -1.60166174e-02
 -2.40252420e-01 -4.48905304e-02  2.98989145e-03  9.89995822e-02
 -4.03843150e-02 -5.04300930e-02 -9.24324319e-02  4.03924286e-02
  8.29691514e-02 -2.56475750e-02 -1.78844556e-01  3.07880163e-01
  2.84569487e-02 -8.08134153e-02 -4.33090217e-02 -4.20410894e-02
 -1.58666391e-02  1.14717163e-01 -5.50636575e-02 -3.38608585e-02
  1.65134326e-01 -2.00721733e-02  1.50309112e-02  6.26036376e-02
 -2.05647394e-01  3.04815680e-01 -9.57676470e-02  6.03584386e-03
 -6.51499853e-02  3.63793001e-02 -1.57683380e-02 -1.81790181e-02
  2.08638459e-01 -4.44261223e-01  1.90940276e-01 -1.08303264e-01
 -1.45084590e-01 -2.09332760e-02 -5.55789918e-02 -5.67450933e-02
  2.25881949e-01 -5.47170974e-02 -8.39243457e-02  1.60854667e-01
  9.39374939e-02  2.75387131e-02 -3.33228037e-02 -2.95049846e-01
 -8.21394473e-02 -9.39546451e-02  4.27593291e-03 -1.22963779e-01
 -6.01537414e-02 -2.59784132e-01 -8.17325413e-02  5.39931394e-02
  1.16331512e-02 -1.10731475e-01 -4.85696569e-02 -2.97982216e-01
 -2.62627695e-02  1.61362644e-02 -5.85132465e-02 -3.77104082e-03
  3.79933678e-02  3.67865376e-02  1.95105299e-01 -9.37466696e-02
 -6.31600211e-04  1.37606133e-02 -3.46663259e-02 -1.00934394e-01
  1.68628350e-01  5.24461344e-02 -3.77242535e-01  3.13955522e-03
  8.09713975e-02 -1.48207471e-02 -8.09641033e-02  7.72083923e-02
 -2.65570194e-01 -1.27121478e-01  2.90136784e-01 -1.38404146e-01
  1.15161888e-01 -2.14655250e-02 -7.13552758e-02 -1.16828009e-01
  1.92314520e-01 -1.19544819e-01 -7.91794658e-02  5.57400703e-01
 -5.47531247e-01  7.61819035e-02 -8.29211026e-02 -5.11750914e-02
 -1.97217404e-03  8.61781463e-02  1.13403730e-01 -2.50429828e-02
 -9.77371335e-02  1.12657055e-01  9.17579904e-02  3.10196653e-02
  7.97085930e-03  1.22446187e-01 -1.74019032e-03  1.59220695e-01
  3.68828252e-02 -1.09808341e-01  4.29677516e-02 -6.46770969e-02
  3.21027003e-02  1.12028010e-01 -3.24493758e-02 -1.66340977e-01
  9.26250095e-07  1.16905048e-01  1.25389710e-01  2.83812359e-03
 -1.12095485e-02 -5.78619540e-02 -7.28914961e-02 -5.16381040e-02
 -5.69219403e-02  1.85837299e-01  1.52454507e-02 -1.07169338e-01
  4.02508408e-01 -7.93542564e-02  1.37956385e-02 -1.94159616e-02
 -5.64929426e-01 -1.10805899e-01  1.08652979e-01  1.31842136e-01
  3.54970880e-02  3.41185629e-02 -1.21394426e-01  6.28822073e-02
 -2.41774201e-01 -2.06021918e-03 -9.34043765e-01 -5.65625392e-02
 -2.37668417e-02 -1.14208654e-01 -3.44415277e-01 -3.80219445e-02
  1.13874778e-01  7.45095164e-02  2.23004986e-02  5.69404699e-02
  2.18757823e-01 -5.30850291e-02 -6.81330264e-02  2.24990882e-02
  5.27179837e-02 -6.91330507e-02  1.21534154e-01  2.52129696e-02
  5.45493998e-02 -1.10930000e-02 -2.29043830e-02 -1.49259657e-01
 -3.49602289e-02  2.34949822e-03 -8.54221284e-02 -4.22206074e-02
  7.34754428e-02 -1.31806983e-02  4.20445716e-03 -9.81872231e-02
 -4.81174793e-03  7.91463405e-02 -1.05482794e-01  4.82642949e-02
 -3.25474963e-02  4.71523523e-01 -1.42143339e-01 -1.88861918e-02
  1.10724069e-01  1.31209090e-01 -2.17605770e-01 -5.76408617e-02
  2.34024376e-02  1.05275944e-01 -1.00053973e-01 -2.98632473e-01
 -7.67405778e-02  4.14682962e-02  1.01547584e-01  4.14392240e-02
 -1.20553039e-02 -1.15865737e-01  3.24511938e-02  3.91266355e-03
 -4.76891063e-02  2.93276608e-01  3.63660902e-02  4.20053601e-02
  1.52322546e-01  7.60633647e-02  1.79491267e-02 -3.49467210e-02
 -1.14411347e-01 -1.64647270e-02  1.05234031e-02  8.32927525e-02
 -3.96597445e-01  1.68482140e-01 -3.88299078e-02 -7.18671307e-02
  1.86728425e-02 -1.31404987e-02  6.72179982e-02  1.55518753e-02
  1.75528005e-01 -5.02154455e-02 -1.36415137e-03  1.85567066e-01
  8.79998654e-02 -1.46240607e-01  1.67921707e-01  6.51406199e-02
  8.87361616e-02  3.19045014e-03  3.49803194e-02  6.03413442e-04
  3.06995898e-01 -6.46890253e-02 -4.71159071e-03 -2.83389986e-01
  2.49100570e-02 -1.19352132e-01 -1.07109502e-01  1.67350918e-02
  2.74329763e-02 -1.79930050e-02  2.38105759e-01  8.52408074e-03
  1.33295500e+00 -1.60102323e-01  8.96704867e-02  1.16400070e-01
 -2.48384744e-01  1.46641433e-01 -2.37386022e-02 -2.12294962e-02
 -8.54396671e-02 -2.00037688e-01 -1.35222552e-02 -5.26151955e-02
 -9.18623284e-02 -1.16083525e-01 -1.57160774e-01 -3.64416540e-02
 -1.79221667e-02  6.76892102e-01 -1.02697358e-01 -9.12898332e-02
 -1.04717001e-01 -1.48207009e-01  6.30104467e-02 -9.30475295e-02
  2.72743762e-01 -2.29827911e-01  1.20403040e-02 -1.92309499e-01
  8.20266977e-02 -2.28956304e-02 -6.69706538e-02 -2.39355743e-01
 -4.95529085e-01 -1.64566457e-01 -7.61850597e-03 -2.12165236e-01
  8.06560069e-02  9.39282328e-02 -7.33462751e-01 -2.53900915e-01
  7.10106790e-02 -2.93872990e-02  1.80496022e-01 -7.26057366e-02
 -1.71726886e-02  1.95288528e-02  5.94481789e-02  3.62039916e-02
 -1.82370141e-01  1.40773818e-01 -8.67904723e-02  2.42718719e-02
  6.59989119e-02 -2.28167892e-01 -2.24438637e-01  8.89746472e-02]"
what,"[-6.37750775e-02  1.62931904e-01  8.19036290e-02  1.18890375e-01
 -1.21516049e-01 -9.03780088e-02 -2.74738483e-02 -6.46393150e-02
  3.55920717e-02 -4.80503887e-02 -6.54517859e-02 -7.36263394e-03
 -1.10064447e-02  1.37420846e-02 -1.76709928e-02 -7.26790875e-02
  2.39267405e-02 -3.74585651e-02 -4.36269566e-02  2.02127304e-02
 -5.40711805e-02 -2.85469498e-02  1.91305727e-02 -9.47805643e-02
 -5.75689301e-02 -2.22190581e-02 -1.37339560e-02  2.84183398e-02
 -1.09551027e-02  2.53972970e-02 -3.81098948e-02  3.13766412e-02
 -3.38312276e-02 -2.07983375e-01 -3.00598401e-03  1.26898661e-02
  6.58900067e-02 -2.86175571e-02  1.40188811e-02 -3.14273834e-02
  7.82200880e-03 -5.34125380e-02 -4.72277515e-02  1.05212569e-01
  1.06612653e-01 -1.74285972e-03  1.66826807e-02  7.74249211e-02
  1.19362418e-02  2.54464656e-04 -3.54890712e-02 -2.91823447e-02
  2.44407468e-02 -2.71019340e-02 -2.16762703e-02 -1.14347590e-02
 -6.28839433e-02  1.63870286e-02 -8.30459148e-02 -2.03524083e-02
  5.67823872e-02 -2.18358468e-02 -3.87322865e-02 -3.47810611e-02
 -2.46199174e-03  2.98934337e-02 -3.40350717e-02  7.02182129e-02
  2.78097950e-02  1.34296669e-02  2.54281294e-02  3.06684673e-02
 -2.50858739e-02 -9.01668519e-03 -2.45154984e-02 -3.16166878e-02
  5.16569391e-02  5.98071283e-03  7.49835894e-02  9.36810970e-02
 -2.21912861e-02 -4.38226238e-02 -2.20390316e-02  5.16262949e-02
 -1.75181732e-01 -3.41134369e-02  5.53902648e-02 -6.67542443e-02
  2.98667606e-02  1.71264052e-01  1.27592590e-02  2.37601809e-02
  1.13861442e-01 -4.48367298e-02  1.39951944e-01  2.32722461e-02
 -6.11070804e-02 -1.20220324e-02  1.08956210e-02  4.84354869e-02
  5.99095738e-03  3.80127318e-02  7.35076442e-02 -1.48052171e-01
 -2.00312473e-02 -8.32987353e-02  1.68811753e-02 -5.00965677e-02
 -2.34640874e-02 -1.77387148e-02  1.24601331e-02  7.38621727e-02
  7.08516454e-03  6.81240633e-02 -8.20671581e-03 -1.42633496e-02
 -4.61059138e-02  1.61371119e-02 -3.25276405e-02 -3.99628840e-03
 -3.09825167e-02 -5.81880100e-03 -2.79796086e-02 -6.47816211e-02
  5.07206097e-02  7.34713972e-02  2.78407540e-02 -1.39844567e-01
 -5.10825142e-02  7.89930448e-02 -3.11146230e-02 -3.83493602e-02
  2.28974279e-02 -4.13333103e-02  5.22587672e-02 -8.20469558e-02
 -1.33802235e-01 -3.31548601e-02 -3.22683267e-02  7.63391494e-04
 -5.80291077e-02  1.41072860e-02 -7.83426762e-02  4.29710746e-02
  1.36652142e-01  1.20660447e-01 -1.84864685e-01  3.35277878e-02
  6.14423817e-03  4.53958437e-02 -4.10147309e-02  2.88683437e-02
 -4.18377891e-02  6.06731288e-02  8.15219805e-03 -1.78253055e-02
  7.43794441e-02  8.18166435e-02  2.16491781e-02  4.61980663e-02
 -6.28960878e-02  1.03816492e-02  4.79140133e-02 -8.86928663e-02
  1.37726134e-02 -1.31364295e-03  3.62149760e-04 -5.14194295e-02
  8.67923349e-02 -2.23867651e-02  1.17192771e-02 -3.00371163e-02
  3.77083458e-02 -3.52334604e-03  2.02229917e-02 -4.52242270e-02
 -2.53073722e-02 -1.52771354e-01  8.96388479e-03 -5.49381785e-02
 -2.42291987e-02  2.69729029e-02 -3.62923443e-02 -3.98747697e-02
 -3.25654112e-02  4.75044511e-02  2.17637494e-02 -3.10740024e-02
  6.75853193e-02  4.46739197e-02 -3.44575234e-02 -3.23903598e-02
 -1.89692602e-02  7.00650131e-03 -2.11890670e-03  5.98581582e-02
 -6.43834546e-02 -5.47173023e-02  4.56696972e-02  9.94707271e-02
 -8.89096707e-02  7.11870864e-02  7.79672712e-03 -5.62149100e-02
 -3.55061069e-02 -2.18111351e-02 -1.47043109e-01 -6.29026210e-03
 -4.63986173e-02  5.74735478e-02 -4.62566270e-03 -5.92822544e-02
 -1.10986993e-01  4.01128158e-02 -4.52120602e-02 -1.31111220e-02
 -1.12241432e-02 -2.48785764e-02  5.11715375e-02  7.36480355e-02
 -1.51226297e-02  5.14379069e-02 -4.18676715e-03  9.98007059e-02
 -1.36972023e-02 -1.05665341e-01  4.57521789e-02 -4.42999825e-02
  8.31067562e-02 -5.44401407e-02 -1.96475089e-02  1.15546724e-02
  1.06439009e-01  4.06421944e-02 -1.27128884e-02 -2.27711052e-01
  1.72501430e-02 -2.40644366e-02 -3.92279327e-02  3.12884860e-02
  3.02571207e-02  5.62835597e-02 -1.84588656e-02 -1.46177664e-01
  2.01916099e-01  6.79168105e-02 -2.70027705e-02  5.83668938e-03
 -2.08033808e-02 -4.60880324e-02  3.07768639e-02 -6.27877116e-02
 -4.54135239e-02 -2.22312622e-02  9.87208914e-03  1.01207994e-01
 -4.99308966e-02 -1.86537579e-03 -1.78038459e-02  5.99934720e-02
 -1.91461295e-02 -7.42266595e-04  4.05074954e-02  1.69579517e-02
  5.87442741e-02  2.26742886e-02  3.05967331e-02 -5.45950755e-02
  2.84605697e-02 -9.89116579e-02 -2.08604801e-03 -3.48977819e-02
 -9.95762795e-02 -1.24947786e-01 -1.62070745e-03  1.01138823e-01
 -3.43184248e-02 -2.13836096e-02 -9.02066156e-02 -1.58867147e-02
 -7.78403282e-02 -5.21842539e-02 -1.86106324e-01  9.52278264e-03
 -5.37359975e-02 -5.71468137e-02  2.34960914e-02 -4.88883816e-02
  8.21461342e-03  1.16636358e-04  4.45675068e-02 -3.70745151e-03
 -1.01354927e-01 -1.95531524e-03 -6.34549707e-02  3.82152274e-02
 -1.19668571e-02  2.44460091e-01  2.73179971e-02  2.25536488e-02]"
